hora,dia_semana,es_fin_semana,es_hora_pico,zona_origen,zona_destino,num_estaciones,num_transbordos,duracion_min,ocupacion_tren,clima
8,3,0,1,1,3,4,1,11.8,63.0,0
17,0,0,1,1,0,2,0,5,90.6,0
18,4,0,1,0,1,9,0,5,100,0
7,4,0,1,2,1,7,0,16.3,77.8,1
7,4,0,1,1,3,5,1,13.5,77.5,0
16,6,1,0,2,1,9,0,9.2,22.7,0
17,6,1,0,2,3,20,1,17.7,56.5,1
17,3,0,1,0,1,8,0,10.8,88.0,1
10,2,0,0,3,1,3,0,5.1,75.5,0
6,2,0,0,3,1,4,0,3,71.6,1
17,2,0,1,0,1,6,0,5.2,78.2,0
15,0,0,0,4,1,6,0,24.0,27.4,1
8,3,0,1,2,1,6,0,12.8,60.6,0
9,6,1,0,4,1,9,1,21.1,46.4,0
18,2,0,1,0,1,5,0,5,80.5,2
11,3,0,0,3,1,3,0,7.1,68.5,0
8,3,0,1,1,0,5,0,6.5,70.7,2
10,5,1,0,4,3,15,1,22.5,54.2,0
7,0,0,1,2,1,8,0,9.5,86.0,0
19,1,0,1,1,3,7,1,12.0,78.3,0
9,6,1,0,0,2,13,0,9.1,38.4,0
19,5,1,0,4,1,11,1,21.8,19.0,1
18,3,0,1,2,1,7,0,21.1,75.5,1
19,2,0,1,1,2,9,0,14.5,88.7,0
18,5,1,0,3,2,10,1,21.6,27.5,1
12,1,0,0,3,1,5,0,3,49.5,1
14,3,0,0,0,4,12,0,20.5,37.8,0
19,5,1,0,4,3,12,1,24.9,33.4,0
7,0,0,1,3,1,9,1,18.5,88.9,0
18,1,0,1,1,3,2,1,18.7,76.8,0
12,4,0,0,3,1,1,0,10.9,64.7,0
7,4,0,1,0,1,6,0,9.3,53.3,0
10,5,1,0,2,4,17,1,25.4,50.2,0
7,0,0,1,3,1,9,1,5,85.7,0
18,4,0,1,1,3,7,1,10.2,86.2,0
13,5,1,0,3,1,2,1,5.4,52.5,0
11,0,0,0,0,1,2,0,5.5,65.5,1
7,2,0,1,0,1,7,0,7.0,58.3,2
16,5,1,0,1,3,4,1,16.1,32.6,0
9,4,0,1,2,1,9,0,15.8,83.0,1
10,5,1,0,1,0,7,0,11.4,52.9,1
8,3,0,1,0,1,3,0,6.9,56.7,0
8,0,0,1,1,3,4,1,13.5,86.3,0
12,5,1,0,2,0,11,0,20.2,48.9,1
12,4,0,0,4,1,5,0,13.0,44.2,0
12,4,0,0,4,1,8,0,15.3,35.0,0
8,0,0,1,1,0,5,0,5,74.5,0
19,6,1,0,3,4,15,1,24.7,32.1,0
7,2,0,1,0,1,3,0,10.3,52.0,0
8,0,0,1,0,1,7,0,5,74.7,0
11,4,0,0,2,1,6,0,10.3,67.4,0
9,2,0,1,1,3,9,1,11.7,86.4,0
9,3,0,1,0,1,5,0,5.3,81.0,0
17,4,0,1,1,0,5,0,8.0,95.4,0
10,5,1,0,4,4,1,0,5,32.4,0
11,5,1,0,4,3,13,1,19.3,17.7,0
17,5,1,0,4,1,10,1,20.3,20.3,0
9,5,1,0,4,1,9,1,9.4,45.1,1
6,4,0,0,0,1,3,0,7.9,68.4,0
7,3,0,1,3,1,5,0,3,56.0,2
7,4,0,1,3,1,5,1,13.0,81.6,0
9,6,1,0,0,3,7,1,23.2,67.2,1
8,4,0,1,2,1,8,0,10.7,78.7,0
15,0,0,0,4,0,14,0,25.2,6.5,0
8,1,0,1,0,1,7,0,11.1,87.1,1
10,6,1,0,1,3,7,1,10.2,34.6,0
17,3,0,1,1,2,9,0,16.3,74.3,0
11,0,0,0,0,1,5,0,13.3,34.9,0
17,3,0,1,1,3,3,1,17.0,86.9,0
7,1,0,1,2,1,6,0,12.1,64.1,1
11,0,0,0,3,1,2,0,14.1,41.8,0
12,4,0,0,0,1,4,0,6.5,52.2,0
10,1,0,0,4,0,13,0,17.2,33.8,0
17,4,0,1,1,3,5,1,5.2,87.2,0
15,4,0,0,4,1,12,0,11.8,21.4,0
18,0,0,1,1,2,7,0,16.2,95.0,2
11,3,0,0,3,1,3,0,7.9,57.5,0
14,5,1,0,4,1,15,1,27.3,62.6,0
15,6,1,0,0,1,6,0,15.7,58.5,1
17,4,0,1,2,1,8,0,11.2,86.8,0
19,5,1,0,3,0,7,1,13.7,47.2,2
13,5,1,0,2,4,14,1,27.4,27.5,0
18,4,0,1,1,0,8,0,8.9,90.5,0
11,3,0,0,4,4,1,0,5,65.5,1
7,1,0,1,2,1,7,0,13.0,83.5,0
14,6,1,0,2,3,13,1,26.2,70.4,1
12,6,1,0,1,2,6,0,14.3,33.5,2
18,3,0,1,1,3,5,1,11.7,92.2,1
10,3,0,0,4,1,9,0,18.7,39.0,0
13,5,1,0,1,4,11,0,16.6,30.5,0
15,0,0,0,0,4,13,0,14.5,31.4,0
9,3,0,1,0,1,6,0,10.1,72.2,1
17,0,0,1,0,1,8,0,9.7,73.7,1
19,6,1,0,1,3,5,1,12.5,46.0,0
12,1,0,0,4,4,1,0,5,19.9,0
10,2,0,0,2,1,11,0,20.4,60.5,2
10,5,1,0,1,0,7,0,3,59.2,0
16,5,1,0,3,1,11,1,9.6,46.9,0
7,4,0,1,0,1,7,0,6.8,46.5,0
8,1,0,1,1,2,10,0,19.3,84.7,0
9,0,0,0,0,4,14,0,19.4,67.0,0
17,4,0,1,1,3,2,1,10.2,77.9,1
8,2,0,1,2,1,7,0,11.4,59.4,0
8,2,0,1,1,3,6,1,8.3,85.0,0
19,5,1,0,3,0,10,1,19.5,57.1,2
8,1,0,1,1,0,2,0,5,70.9,0
18,1,0,1,2,1,5,0,14.9,96.2,1
7,2,0,1,1,2,8,0,14.2,89.4,1
12,5,1,0,2,3,10,1,19.6,41.1,1
10,6,1,0,0,3,7,1,18.1,37.5,0
15,6,1,0,3,2,9,1,18.4,68.5,2
9,6,1,0,1,3,4,1,13.6,35.0,0
14,0,0,0,4,1,8,0,20.1,36.1,0
15,5,1,0,4,2,17,1,31.7,35.8,0
8,0,0,1,1,0,2,0,8.2,84.9,1
17,2,0,1,0,1,5,0,5,78.8,1
7,1,0,1,3,1,4,0,6.5,44.7,0
10,3,0,0,4,0,12,0,19.1,54.3,2
18,0,0,1,3,1,6,1,15.0,68.6,0
18,5,1,0,3,2,8,1,18.8,50.3,0
16,6,1,0,1,3,1,1,11.7,35.9,0
8,2,0,1,1,2,8,0,14.7,70.8,1
8,0,0,1,1,3,4,1,10.7,82.3,1
6,0,0,0,0,1,7,0,3,90,0
10,5,1,0,4,4,1,0,5,35.3,2
17,1,0,1,2,1,9,0,11.6,78.7,0
14,6,1,0,0,1,7,0,9.2,65.9,2
8,0,0,1,1,3,8,1,8.7,61.8,0
10,6,1,0,4,3,11,1,24.6,34.8,0
7,3,0,1,1,0,5,0,10.7,78.9,1
18,4,0,1,3,1,2,1,10.3,83.5,1
14,5,1,0,1,3,5,1,15.1,66.6,0
9,2,0,1,0,1,5,0,5,80.3,0
7,1,0,1,0,1,7,0,9.5,56.5,0
18,1,0,1,3,1,5,1,8.4,96.4,1
18,4,0,1,2,1,5,0,14.4,80.7,0
7,4,0,1,0,1,6,0,8.1,82.3,1
10,3,0,0,1,4,8,0,15.2,21.5,0
17,6,1,0,0,2,7,0,8.7,42.3,0
17,3,0,1,0,1,4,0,5,84.1,0
7,0,0,1,2,1,5,0,22.5,81.7,1
8,2,0,1,0,1,8,0,9.0,67.3,0
11,1,0,0,4,4,1,0,5,25.6,1
16,3,0,0,0,4,10,0,15.1,12.6,0
8,1,0,1,3,1,4,0,7.1,65.7,0
8,2,0,1,0,1,7,0,6.8,83.1,1
7,0,0,1,0,1,4,0,8.2,93.9,1
11,0,0,0,0,1,6,0,7.0,65.6,0
6,2,0,0,3,1,5,0,9.1,60.4,0
9,6,1,0,2,0,13,0,16.6,31.0,0
16,3,0,0,0,4,12,0,23.1,16.0,0
7,0,0,1,2,1,8,0,16.0,60.5,0
6,0,0,0,2,1,8,0,10.5,62.2,0
18,2,0,1,3,1,4,1,8.6,88.8,1
10,5,1,0,3,4,9,1,26.6,35.6,0
9,3,0,0,4,4,1,0,5,44.0,2
15,5,1,0,3,1,4,1,3,45.4,0
8,3,0,1,3,1,4,1,5.2,92.0,1
8,1,0,1,2,1,7,0,16.2,85.0,1
7,1,0,1,0,1,5,0,10.4,43.9,0
8,2,0,1,3,1,7,1,14.0,83.9,0
8,3,0,1,1,2,7,0,16.2,78.4,0
9,5,1,0,3,1,4,1,3.9,36.9,1
12,6,1,0,4,3,16,1,25.6,26.7,1
7,1,0,1,0,1,6,0,5.5,56.2,0
7,2,0,1,3,1,4,0,7.0,60.3,2
19,5,1,0,2,0,16,0,15.6,49.1,0
8,4,0,1,1,2,5,0,13.8,76.4,1
19,6,1,0,4,2,20,1,20.7,50.7,0
6,4,0,0,2,1,7,0,18.4,53.0,0
7,3,0,1,2,1,5,0,11.6,88.6,0
11,6,1,0,4,0,14,0,20.7,58.7,0
7,3,0,1,0,1,4,0,8.7,48.6,1
13,5,1,0,3,2,12,1,12.9,34.4,1
11,1,0,0,3,1,5,0,12.8,58.2,0
15,5,1,0,2,1,13,0,17.7,32.2,0
10,1,0,0,2,1,7,0,13.7,89.5,1
7,4,0,1,0,1,6,0,8.7,92.1,1
17,4,0,1,0,1,2,0,5,100,0
13,5,1,0,3,1,1,1,16.8,40.3,0
16,0,0,0,4,0,9,0,20.6,22.1,2
7,3,0,1,0,1,2,0,6.8,54.1,0
12,4,0,0,3,1,1,0,5.1,51.2,2
18,2,0,1,3,1,5,1,13.9,82.4,1
9,4,0,0,4,0,11,0,19.1,31.7,0
10,2,0,0,3,1,5,0,3.9,45.0,2
9,3,0,1,2,1,6,0,15.5,86.8,0
18,2,0,1,0,1,6,0,5,73.3,0
18,0,0,1,1,0,5,0,5,73.0,0
17,4,0,1,1,3,2,1,9.2,81.9,0
18,4,0,1,1,3,5,1,16.5,77.6,1
11,0,0,0,0,1,3,0,6.7,76.4,1
13,6,1,0,1,3,5,1,12.0,27.0,2
17,5,1,0,0,3,2,1,12.3,29.7,0
17,4,0,1,3,1,4,1,9.7,83.6,0
11,5,1,0,3,0,12,1,8.7,46.3,2
7,0,0,1,0,1,6,0,5.6,48.1,1
13,6,1,0,4,4,1,0,5,19.7,0
16,6,1,0,2,0,13,0,19.8,66.7,1
8,2,0,1,3,1,8,1,11.5,77.0,1
18,3,0,1,2,1,10,0,18.4,72.6,1
15,6,1,0,2,4,16,1,36.4,55.5,1
18,6,1,0,4,0,8,1,24.3,39.3,2
18,3,0,1,3,1,5,1,14.9,92.9,1
8,3,0,1,0,1,2,0,11.4,100,1
7,2,0,1,3,1,4,0,9.5,64.2,1
7,1,0,1,2,1,6,0,10.5,52.0,0
11,3,0,0,0,1,4,0,8.4,57.5,0
17,6,1,0,4,2,18,1,24.4,48.7,0
10,4,0,0,2,1,6,0,15.8,68.3,0
17,2,0,1,1,0,6,0,6.4,81.0,0
10,5,1,0,1,4,6,1,20.1,46.7,0
11,0,0,0,3,1,1,0,8.6,68.9,0
8,3,0,1,1,0,7,0,7.3,84.1,1
10,6,1,0,0,2,15,0,18.5,73.6,0
8,2,0,1,0,1,6,0,12.8,84.8,0
18,0,0,1,1,0,5,0,5,82.8,0
7,1,0,1,3,1,3,1,6.4,76.2,1
14,6,1,0,3,0,10,1,11.5,19.6,2
15,5,1,0,1,4,12,0,19.3,53.9,0
14,5,1,0,3,0,6,1,19.4,50.9,2
8,3,0,1,0,1,6,0,8.2,87.5,0
7,3,0,1,0,1,8,0,7.7,65.3,1
8,2,0,1,1,2,5,0,16.6,85.1,0
19,5,1,0,4,3,12,1,26.3,46.2,0
8,1,0,1,1,0,4,0,5,85.0,1
10,5,1,0,4,1,9,0,10.0,15.2,2
9,3,0,1,0,1,6,0,10.5,94.8,0
8,1,0,1,0,1,2,0,12.0,80.0,0
18,1,0,1,1,3,8,1,5,83.0,0
6,4,0,0,2,1,11,0,11.1,69.2,0
15,1,0,0,4,4,1,0,5,55.8,0
9,4,0,1,3,1,8,1,5.3,85.8,0
9,3,0,1,3,1,8,1,10.7,89.6,2
17,5,1,0,4,1,11,1,32.0,46.6,0
7,0,0,1,0,1,5,0,10.5,74.2,1
16,5,1,0,3,0,9,1,13.7,50.2,0
13,5,1,0,0,3,10,1,18.6,32.6,0
18,4,0,1,2,1,11,0,17.8,91.2,0
6,3,0,0,0,1,6,0,6.9,49.2,0
17,4,0,1,2,1,7,0,14.8,57.0,2
17,0,0,1,1,2,8,0,12.9,90.2,0
7,1,0,1,3,1,4,0,13.1,75.7,1
8,0,0,0,4,4,2,0,5,26.7,1
6,4,0,0,0,1,8,0,8.0,33.1,0
18,1,0,1,1,0,10,0,12.0,76.3,2
18,4,0,1,0,1,5,0,5,93.3,0
8,3,0,1,0,1,5,0,6.0,53.5,1
17,6,1,0,4,3,14,1,20.8,45.5,0
18,6,1,0,0,2,17,0,23.5,76.5,0
8,2,0,1,1,0,4,0,8.3,100,0
17,3,0,1,2,1,9,0,17.3,86.5,2
7,3,0,1,2,1,7,0,13.2,64.8,0
6,3,0,0,2,1,8,0,17.9,41.6,2
7,0,0,1,2,1,6,0,10.0,94.7,0
6,3,0,0,3,1,4,0,7.1,50.7,0
18,4,0,1,1,3,8,1,7.9,88.9,0
8,1,0,1,2,1,7,0,10.2,79.9,2
18,1,0,1,1,2,9,0,6.1,85.1,1
17,6,1,0,4,3,10,1,25.1,43.0,1
14,5,1,0,4,2,18,1,30.3,54.8,0
19,5,1,0,1,3,1,1,12.5,46.3,1
13,5,1,0,4,4,1,0,5,31.8,0
18,2,0,1,1,3,7,1,12.2,77.3,2
17,6,1,0,4,1,9,1,15.8,53.7,1
18,0,0,1,3,1,5,1,16.1,73.7,1
8,3,0,1,0,1,4,0,6.7,69.3,0
17,5,1,0,4,1,8,1,19.1,49.0,0
6,0,0,0,0,1,8,0,14.5,46.6,0
6,4,0,0,2,1,8,0,14.2,67.0,0
18,0,0,1,1,3,7,1,13.0,89.0,0
6,3,0,0,0,1,4,0,8.3,53.8,0
10,2,0,0,1,4,8,0,17.7,10.7,0
11,5,1,0,0,4,10,0,10.4,28.7,0
6,1,0,0,0,1,7,0,9.3,72.4,0
10,6,1,0,4,3,11,1,37.3,63.7,2
14,5,1,0,3,1,5,1,6.5,33.8,0
7,1,0,1,0,1,6,0,9.0,74.2,1
16,5,1,0,1,2,11,0,9.2,17.9,0
16,1,0,0,1,4,7,0,24.8,9.5,2
16,6,1,0,4,1,12,1,14.1,62.6,1
8,3,0,1,0,1,4,0,12.7,78.4,0
8,1,0,1,1,2,7,0,15.2,97.5,1
19,2,0,1,1,0,8,0,5,93.3,0
16,5,1,0,2,1,8,0,21.4,37.8,0
16,5,1,0,3,2,13,1,17.0,41.2,0
18,1,0,1,3,1,6,1,6.5,66.7,0
8,1,0,1,0,1,3,0,10.1,51.9,0
19,6,1,0,0,2,10,0,28.3,25.1,2
6,2,0,0,0,1,6,0,5.6,49.1,2
15,5,1,0,2,4,20,1,41.2,14.3,1
12,4,0,0,0,1,5,0,11.2,52.7,1
7,3,0,1,0,1,6,0,12.5,63.2,0
11,4,0,0,4,0,13,0,14.3,39.1,0
8,1,0,1,0,1,6,0,5,81.7,1
18,2,0,1,1,3,5,1,10.6,78.3,1
7,4,0,1,2,1,10,0,16.9,72.9,1
6,2,0,0,0,1,5,0,6.1,66.3,0
8,0,0,1,1,3,4,1,13.3,69.8,0
9,5,1,0,3,0,7,1,17.2,31.5,1
18,3,0,1,2,1,6,0,14.7,79.2,0
19,6,1,0,1,0,6,0,9.7,47.7,1
8,2,0,1,0,1,5,0,11.6,74.4,0
8,4,0,1,2,1,5,0,11.2,71.9,0
8,4,0,1,2,1,8,0,14.0,96.1,2
14,0,0,0,4,1,8,0,21.6,35.0,0
10,5,1,0,1,3,2,1,7.7,74.0,0
9,0,0,1,0,1,8,0,7.0,68.1,0
18,0,0,1,3,1,4,1,12.1,100,0
11,2,0,0,0,1,3,0,8.4,65.4,0
7,4,0,1,2,1,9,0,9.5,77.9,0
10,5,1,0,2,4,15,1,28.9,28.8,0
18,1,0,1,2,1,7,0,8.4,86.1,1
7,4,0,1,2,1,3,0,12.3,50.3,0
17,3,0,1,1,2,11,0,17.6,77.3,2
7,1,0,1,3,1,4,1,10.4,75.1,0
10,5,1,0,3,0,6,1,15.8,27.2,1
16,0,0,0,0,4,11,0,17.9,39.6,2
10,5,1,0,2,4,18,1,34.4,43.2,1
8,0,0,1,1,3,5,1,11.5,79.7,2
7,2,0,1,1,0,2,0,11.9,81.9,0
18,4,0,1,2,1,10,0,13.4,85.7,0
18,5,1,0,0,1,7,0,7.9,18.0,1
7,3,0,1,1,0,5,0,10.5,87.7,2
11,1,0,0,2,1,7,0,9.5,70.5,0
8,3,0,1,3,1,8,1,5,85.8,0
19,6,1,0,3,1,1,1,9.1,49.9,0
18,1,0,1,2,1,7,0,24.0,80.4,0
17,2,0,1,3,1,4,1,14.2,76.1,0
18,0,0,1,1,3,4,1,14.9,75.0,0
13,6,1,0,4,1,9,1,20.3,21.1,2
6,2,0,0,2,1,8,0,12.1,51.5,1
7,2,0,1,2,1,7,0,8.3,74.5,0
9,2,0,1,2,1,10,0,18.1,70.8,2
8,0,0,1,3,1,5,1,6.1,80.0,0
8,2,0,1,3,1,2,1,13.3,60.2,0
7,4,0,1,1,0,7,0,5.3,97.0,1
15,2,0,0,4,1,9,0,14.6,37.6,0
19,0,0,1,1,0,7,0,5,79.6,0
7,1,0,1,1,3,8,1,15.6,90.2,1
6,1,0,0,2,1,7,0,8.0,42.7,0
19,0,0,1,3,1,2,1,5,70.6,0
6,0,0,0,2,1,2,0,15.4,37.0,2
9,4,0,1,3,1,7,1,16.6,86.8,1
7,0,0,1,1,0,5,0,5,76.1,0
7,4,0,1,2,1,8,0,16.2,76.5,1
9,6,1,0,4,3,12,1,20.6,33.2,0
10,6,1,0,1,3,5,1,10.3,38.5,0
7,4,0,1,1,3,3,1,11.5,69.1,2
7,4,0,1,0,1,4,0,5.0,75.2,0
7,2,0,1,3,1,5,0,5.4,64.7,1
18,3,0,1,3,1,7,1,9.9,86.7,0
11,0,0,0,4,0,10,0,17.1,28.5,0
17,1,0,1,3,1,2,1,13.8,85.3,1
10,6,1,0,4,0,14,0,15.2,40.5,1
16,5,1,0,4,0,13,1,19.1,38.1,2
17,1,0,1,2,1,7,0,17.4,86.8,2
8,1,0,1,3,1,5,1,11.3,85.5,1
9,3,0,1,2,1,8,0,16.9,86.0,0
12,6,1,0,0,2,15,0,12.6,47.9,2
16,3,0,0,4,1,8,0,14.9,34.0,0
17,0,0,1,2,1,11,0,9.3,60.7,0
19,1,0,1,1,0,6,0,9.1,71.8,1
7,2,0,1,1,3,3,1,10.8,84.3,0
13,6,1,0,3,2,11,1,16.2,59.8,2
6,1,0,0,2,1,6,0,18.1,41.8,2
6,0,0,0,0,1,5,0,8.8,56.3,1
14,6,1,0,4,0,7,1,16.8,48.6,0
18,3,0,1,0,1,2,0,10.1,79.8,2
18,2,0,1,0,1,4,0,9.1,80.1,1
17,2,0,1,3,1,2,1,5,97.4,0
8,2,0,1,0,1,7,0,10.7,94.0,0
8,2,0,0,4,0,10,0,21.5,19.2,0
18,4,0,1,1,3,4,1,14.3,75.2,0
10,6,1,0,3,1,3,1,11.2,38.9,0
9,4,0,1,2,1,7,0,10.5,94.7,0
18,1,0,1,2,1,9,0,13.5,83.0,0
10,5,1,0,1,3,7,1,20.5,41.8,1
15,3,0,0,4,0,6,0,18.3,20.1,0
18,1,0,1,1,3,8,1,13.3,79.2,0
10,0,0,0,0,1,4,0,8.1,46.1,2
6,0,0,0,3,1,7,0,7.4,52.6,0
10,0,0,0,4,0,14,0,23.5,43.7,0
19,6,1,0,4,2,18,1,31.2,19.5,0
7,4,0,1,1,0,7,0,13.7,78.9,1
12,0,0,0,3,1,5,0,7.6,54.5,0
18,1,0,1,1,2,7,0,13.6,90.0,0
8,2,0,1,1,3,7,1,10.8,72.1,0
17,3,0,1,1,3,5,1,11.4,72.6,0
18,5,1,0,2,1,3,0,12.9,51.4,1
6,4,0,0,0,1,7,0,4.7,55.7,1
19,1,0,1,3,1,2,1,13.9,91.0,0
8,3,0,1,1,3,8,1,16.4,86.6,0
7,3,0,1,0,1,4,0,4.8,44.0,0
8,1,0,1,1,3,5,1,12.4,87.2,0
13,6,1,0,3,1,9,1,3,19.9,0
17,2,0,1,0,1,3,0,9.8,80.4,0
12,5,1,0,1,3,7,1,6.8,42.8,0
18,4,0,1,1,3,5,1,5,68.4,0
6,1,0,0,0,1,5,0,9.9,70.7,1
10,5,1,0,3,2,8,1,25.4,38.8,0
8,4,0,1,1,2,3,0,13.6,66.8,0
12,0,0,0,4,1,10,0,12.4,34.6,1
7,4,0,1,1,2,4,0,11.5,76.4,1
9,5,1,0,4,0,14,1,14.4,20.4,0
7,2,0,1,0,1,5,0,10.9,55.6,0
16,6,1,0,1,2,11,0,22.5,58.0,0
17,1,0,1,0,1,7,0,11.1,84.0,2
18,1,0,1,0,1,3,0,7.3,82.3,0
19,4,0,1,0,1,6,0,9.8,98.5,0
7,3,0,1,2,1,9,0,18.0,92.7,0
18,0,0,1,1,0,5,0,12.1,85.9,0
7,2,0,1,2,1,9,0,18.4,53.6,0
14,0,0,0,1,4,11,0,14.3,46.5,0
7,1,0,1,0,1,4,0,12.1,58.9,0
8,3,0,0,4,4,2,0,5,24.1,1
18,0,0,1,2,1,9,0,19.3,78.5,2
12,1,0,0,2,1,10,0,15.4,35.1,2
7,3,0,1,3,1,1,0,10.4,67.0,2
19,5,1,0,0,2,14,0,16.9,15.9,0
17,5,1,0,3,4,11,1,31.4,41.3,1
10,3,0,0,3,1,6,0,5.1,57.2,1
11,2,0,0,0,1,8,0,6.7,83.5,0
13,6,1,0,1,2,6,0,10.9,43.2,0
9,6,1,0,2,0,13,0,23.2,56.8,0
8,0,0,1,2,1,8,0,11.4,89.3,2
8,2,0,1,3,1,4,1,14.3,73.5,1
11,6,1,0,4,0,13,1,30.3,45.0,2
19,6,1,0,2,0,13,0,28.1,45.4,0
8,3,0,1,0,1,4,0,3.6,59.0,0
8,3,0,1,3,1,6,1,16.4,66.7,0
6,4,0,0,3,1,1,0,8.2,66.5,2
12,0,0,0,2,1,8,0,13.6,68.8,0
16,0,0,0,4,0,7,0,16.5,16.8,1
18,0,0,1,2,1,8,0,12.6,95.6,0
13,5,1,0,4,0,13,0,15.8,22.8,0
11,5,1,0,4,0,16,1,25.3,51.2,0
17,2,0,1,1,3,3,1,14.0,100,0
17,3,0,1,0,1,7,0,5.7,85.0,0
15,4,0,0,0,4,12,0,12.6,24.7,0
12,4,0,0,3,1,3,0,8.0,42.6,0
18,0,0,1,2,1,10,0,20.8,82.9,1
18,2,0,1,2,1,5,0,20.2,93.2,1
6,2,0,0,0,1,2,0,10.3,35.2,1
11,3,0,0,2,1,9,0,11.1,47.5,1
19,4,0,1,2,1,8,0,20.8,78.9,0
17,0,0,1,1,3,4,1,8.4,75.7,1
7,1,0,1,0,1,4,0,8.9,42.3,0
8,5,1,0,4,4,2,0,5,43.4,2
8,4,0,1,0,1,7,0,5.9,54.1,0
10,6,1,0,0,4,14,1,29.6,44.4,1
8,4,0,1,0,1,3,0,8.3,74.8,0
16,5,1,0,3,1,11,1,7.8,63.0,0
12,6,1,0,4,0,12,1,19.6,54.1,1
9,0,0,1,1,3,5,1,12.7,62.8,0
6,2,0,0,2,1,7,0,18.7,52.4,1
15,6,1,0,4,3,17,1,27.5,51.9,1
18,0,0,1,2,1,8,0,15.6,66.0,1
19,2,0,1,3,1,5,1,17.5,80.6,0
19,6,1,0,4,2,15,1,30.4,31.1,0
7,0,0,1,1,3,8,1,5.7,85.7,0
8,2,0,1,2,1,9,0,9.8,86.5,0
10,6,1,0,1,4,11,0,16.0,24.4,2
8,4,0,1,2,1,7,0,18.6,76.1,2
11,5,1,0,0,1,2,0,7.1,72.1,2
7,1,0,1,3,1,6,1,12.3,85.8,1
15,6,1,0,4,4,1,0,5,19.9,0
7,3,0,1,3,1,1,0,12.9,48.2,1
9,4,0,0,4,4,1,0,5,21.2,2
12,3,0,0,0,1,7,0,3.1,69.5,0
7,0,0,1,3,1,3,0,3.5,63.2,1
8,0,0,1,0,1,2,0,14.5,95.8,2
6,4,0,0,3,1,6,0,7.9,80.1,0
9,1,0,0,1,4,11,0,17.0,47.3,0
11,0,0,0,0,1,3,0,10.3,66.1,1
17,5,1,0,0,4,9,1,15.7,34.0,1
12,5,1,0,1,4,6,1,21.1,60.6,0
10,5,1,0,4,2,17,1,36.0,39.2,0
9,0,0,0,4,0,13,0,16.5,19.3,0
7,0,0,1,1,0,5,0,8.2,69.4,0
15,5,1,0,0,1,3,0,11.1,51.8,2
11,6,1,0,2,0,13,0,17.8,51.0,0
15,6,1,0,4,4,1,0,8.4,33.6,0
8,4,0,1,2,1,6,0,17.0,97.1,1
9,4,0,0,4,1,8,0,18.0,27.0,0
10,1,0,0,4,4,1,0,5,27.3,2
16,5,1,0,4,4,1,0,5,36.7,0
7,4,0,1,3,1,4,0,7.7,55.2,2
17,1,0,1,1,2,8,0,20.0,84.0,2
18,5,1,0,0,4,14,1,24.7,51.2,0
6,0,0,0,2,1,9,0,17.4,57.0,0
12,1,0,0,0,1,5,0,3.7,72.0,1
19,0,0,1,1,2,7,0,14.5,85.4,2
10,2,0,0,0,1,6,0,6.1,56.2,0
8,2,0,1,0,1,6,0,11.3,62.1,0
18,1,0,1,1,0,9,0,6.8,83.8,0
13,4,0,0,4,4,2,0,5,30.0,1
7,2,0,1,3,1,5,0,9.3,58.8,1
14,6,1,0,4,0,11,0,21.1,40.5,0
8,0,0,1,2,1,9,0,14.1,89.4,1
7,3,0,1,2,1,6,0,17.6,88.0,0
12,6,1,0,4,0,13,1,22.2,49.6,1
15,5,1,0,0,3,7,1,11.3,59.3,0
8,3,0,1,2,1,10,0,21.0,95.4,1
8,2,0,1,1,0,5,0,12.6,82.6,1
9,6,1,0,0,4,8,1,21.7,24.3,1
9,1,0,1,2,1,6,0,20.2,88.0,2
8,0,0,1,3,1,4,1,8.0,71.2,2
8,1,0,1,2,1,5,0,5.8,69.7,0
11,0,0,0,4,0,13,0,22.4,19.3,1
8,1,0,1,1,2,7,0,18.4,85.8,0
14,6,1,0,0,4,10,1,33.6,51.3,1
18,2,0,1,3,1,3,1,5.2,86.8,0
10,1,0,0,4,4,1,0,5,53.1,0
10,6,1,0,3,2,9,1,26.6,69.0,0
14,0,0,0,4,1,12,0,6.3,6.5,2
8,1,0,1,1,2,9,0,11.6,73.9,1
16,6,1,0,4,1,6,1,12.3,52.9,0
13,5,1,0,3,2,11,1,24.7,55.2,0
7,2,0,1,0,1,4,0,3.8,63.7,1
10,3,0,0,0,4,14,0,18.6,42.9,0
11,2,0,0,4,4,1,0,5,44.6,0
11,2,0,0,4,1,11,0,19.4,30.8,0
16,2,0,0,0,4,10,0,19.0,37.9,0
18,1,0,1,1,2,7,0,20.6,89.3,1
7,2,0,1,2,1,7,0,10.3,54.2,0
19,5,1,0,1,0,4,0,3.7,41.6,1
6,1,0,0,0,1,6,0,7.7,66.6,2
7,0,0,1,0,1,9,0,13.3,66.7,0
14,6,1,0,3,2,8,1,20.5,74.8,0
7,4,0,1,0,1,9,0,7.4,80.8,0
18,0,0,1,0,1,4,0,5,85.9,0
7,3,0,1,1,0,8,0,12.1,71.3,1
19,6,1,0,4,3,15,1,26.7,52.5,1
18,3,0,1,0,1,5,0,5,80.3,0
18,2,0,1,0,1,5,0,9.2,69.1,2
8,2,0,1,1,0,9,0,9.0,89.4,2
8,3,0,1,2,1,6,0,9.8,58.5,1
8,0,0,1,2,1,11,0,19.4,90.0,0
18,4,0,1,2,1,6,0,10.9,83.3,0
18,6,1,0,3,0,12,1,14.9,47.3,0
10,4,0,0,3,1,5,0,10.6,41.1,0
17,0,0,1,3,1,7,1,16.3,94.0,0
6,2,0,0,0,1,7,0,6.7,45.9,0
11,6,1,0,0,2,11,0,26.3,22.1,0
11,1,0,0,0,1,7,0,7.1,78.1,0
7,1,0,1,2,1,9,0,16.3,80.8,2
11,6,1,0,3,1,4,1,3,37.1,0
9,6,1,0,4,4,1,0,5,5,0
10,2,0,0,0,1,5,0,9.8,36.9,1
9,5,1,0,1,4,14,1,14.1,44.9,0
11,6,1,0,0,4,11,0,19.4,46.4,0
17,2,0,1,0,1,6,0,14.0,82.7,1
8,5,1,0,1,4,10,0,7.4,26.5,1
13,5,1,0,1,4,5,1,17.3,75.0,0
8,4,0,1,3,1,6,1,13.9,63.5,2
15,6,1,0,0,4,10,0,20.4,30.1,0
7,0,0,1,1,0,4,0,10.6,74.2,0
11,2,0,0,3,1,4,0,10.5,42.8,0
12,5,1,0,0,4,14,0,10.2,44.9,1
16,6,1,0,3,0,4,1,20.4,48.7,0
9,5,1,0,4,4,1,0,5,28.1,1
10,5,1,0,4,2,13,1,34.8,38.4,1
7,2,0,1,3,1,6,0,9.7,74.3,0
14,6,1,0,2,4,16,1,30.6,28.1,1
17,4,0,1,1,0,8,0,6.6,75.2,1
10,0,0,0,0,1,6,0,8.2,34.3,2
16,3,0,0,1,4,11,0,15.8,48.3,1
18,6,1,0,4,2,20,1,31.4,41.5,1
7,1,0,1,2,1,8,0,13.3,82.2,0
8,4,0,1,3,1,2,1,11.0,80.0,1
8,3,0,0,4,1,10,0,12.1,37.4,1
7,2,0,1,3,1,6,0,9.0,48.2,1
11,1,0,0,4,0,10,0,16.6,39.0,1
11,5,1,0,4,2,19,1,34.0,20.0,1
16,6,1,0,3,4,15,1,29.7,64.0,0
7,2,0,1,1,3,5,1,12.7,81.1,1
7,3,0,1,0,1,9,0,5.3,65.4,0
19,6,1,0,3,4,17,1,23.1,32.3,2
9,3,0,1,2,1,7,0,8.4,73.8,2
15,5,1,0,2,0,18,0,27.1,65.5,1
13,6,1,0,4,0,9,1,19.9,60.0,2
16,5,1,0,2,3,9,1,16.0,46.7,1
18,4,0,1,1,0,4,0,7.4,98.1,0
6,0,0,0,0,1,9,0,9.2,66.6,0
10,5,1,0,1,4,2,1,22.3,32.3,1
8,0,0,1,3,1,2,1,10.5,71.2,0
8,0,0,1,1,0,6,0,5,83.5,1
10,6,1,0,1,0,9,0,10.9,26.4,0
14,2,0,0,4,0,9,0,6.3,39.6,0
7,1,0,1,0,1,3,0,12.2,47.7,0
9,6,1,0,4,0,6,1,15.8,54.3,1
17,4,0,1,0,1,4,0,12.4,85.9,0
6,4,0,0,0,1,7,0,9.5,50.6,1
17,3,0,1,2,1,6,0,22.8,75.5,0
8,4,0,1,0,1,5,0,5.7,73.9,1
18,2,0,1,0,1,4,0,5,100,0
6,1,0,0,3,1,5,0,3,44.4,2
15,5,1,0,0,4,10,1,21.4,43.8,2
13,5,1,0,3,2,14,1,23.4,55.1,1
18,2,0,1,2,1,10,0,15.3,69.8,1
8,3,0,1,2,1,4,0,14.0,77.1,0
19,1,0,1,1,3,2,1,5,80.1,0
7,2,0,1,0,1,5,0,3,60.9,0
6,1,0,0,3,1,2,0,3.1,68.7,1
11,5,1,0,1,4,9,1,21.0,54.0,2
8,2,0,1,2,1,12,0,15.6,61.8,1
17,6,1,0,1,0,3,0,3,53.5,0
17,1,0,1,3,1,2,1,15.5,87.2,1
15,5,1,0,1,3,1,1,9.6,51.6,1
17,4,0,1,1,2,6,0,16.9,100,0
14,6,1,0,4,1,9,1,15.5,48.3,0
8,3,0,1,1,3,2,1,12.7,78.2,2
18,1,0,1,1,2,8,0,9.7,89.8,1
6,3,0,0,0,1,6,0,8.3,42.4,1
7,2,0,1,0,1,4,0,7.4,67.8,0
17,0,0,1,1,2,7,0,13.5,63.4,1
6,4,0,0,0,1,10,0,11.3,58.1,0
7,2,0,1,3,1,4,1,7.5,92.0,1
19,3,0,1,0,1,7,0,7.1,74.5,0
6,0,0,0,0,1,5,0,12.2,55.9,1
14,6,1,0,2,4,19,1,28.6,51.8,0
10,5,1,0,2,4,17,1,28.9,28.3,1
7,3,0,1,0,1,6,0,8.1,80.1,0
7,0,0,1,3,1,3,0,5.3,56.5,2
8,3,0,0,4,4,4,0,5,41.4,0
9,0,0,1,2,1,8,0,11.0,58.6,0
8,3,0,1,2,1,9,0,13.3,89.4,2
16,5,1,0,1,0,6,0,7.7,62.4,1
17,1,0,1,0,1,3,0,9.4,88.0,0
8,5,1,0,1,4,11,0,20.1,25.4,0
18,2,0,1,1,0,2,0,7.3,91.7,0
7,4,0,1,0,1,5,0,9.6,70.4,0
12,4,0,0,3,1,3,0,7.9,87.0,1
11,5,1,0,3,1,4,1,10.4,62.3,1
6,0,0,0,2,1,8,0,22.0,68.5,2
8,2,0,1,2,1,13,0,12.1,81.2,0
7,1,0,1,2,1,7,0,14.1,54.2,0
6,1,0,0,0,1,5,0,8.9,54.5,1
12,4,0,0,0,1,5,0,11.8,67.5,1
9,4,0,1,3,1,6,1,11.6,70.2,0
7,0,0,1,2,1,7,0,13.9,80.3,1
12,1,0,0,3,1,4,0,5.6,61.5,0
18,1,0,1,3,1,3,1,10.1,88.7,0
7,1,0,1,3,1,2,0,5.5,47.8,0
9,3,0,1,0,1,2,0,5,68.8,2
8,2,0,1,2,1,4,0,12.8,83.8,0
8,5,1,0,1,4,12,0,18.1,15.4,0
14,5,1,0,1,2,14,0,11.8,53.1,2
14,3,0,0,4,1,10,0,12.4,21.0,0
18,3,0,1,3,1,4,1,15.0,88.8,1
9,2,0,1,0,1,5,0,14.4,77.4,0
7,2,0,1,0,1,9,0,9.8,67.4,1
14,5,1,0,0,4,10,1,19.0,64.2,1
10,5,1,0,1,3,7,1,9.0,23.9,0
11,5,1,0,4,0,10,0,26.2,28.9,0
8,2,0,1,3,1,2,0,8.6,64.0,0
18,1,0,1,3,1,3,1,10.9,79.0,1
8,3,0,1,1,0,3,0,12.2,100,0
17,4,0,1,1,2,7,0,17.6,70.5,2
18,4,0,1,1,2,10,0,12.8,83.8,1
17,6,1,0,2,0,10,0,24.9,28.9,1
18,2,0,1,1,0,4,0,10.0,60.2,0
11,5,1,0,4,3,12,1,31.2,53.9,0
7,2,0,1,0,1,6,0,10.1,77.6,1
16,5,1,0,4,1,11,1,17.1,48.8,0
7,4,0,1,0,1,2,0,4.7,56.3,1
6,1,0,0,2,1,6,0,17.6,76.9,0
18,5,1,0,3,2,9,1,13.4,34.3,2
6,0,0,0,0,1,3,0,10.5,50.0,0
7,1,0,1,1,3,4,1,8.9,98.0,0
8,1,0,1,2,1,7,0,17.9,83.9,0
7,0,0,1,3,1,5,1,16.9,78.0,1
8,3,0,1,3,1,4,1,8.0,100,1
7,2,0,1,0,1,5,0,12.2,43.8,2
17,6,1,0,3,1,6,1,11.7,41.1,0
16,1,0,0,1,4,10,0,13.2,41.1,0
17,6,1,0,0,4,12,1,33.1,20.2,2
8,1,0,1,2,1,5,0,21.9,91.4,0
18,1,0,1,0,1,6,0,13.7,95.0,2
9,0,0,1,1,2,5,0,7.6,74.7,2
8,4,0,1,3,1,4,1,17.7,78.3,1
7,3,0,1,2,1,3,0,9.4,83.7,0
11,6,1,0,1,3,3,1,13.1,50.5,0
12,5,1,0,3,4,13,1,19.8,16.4,0
11,3,0,0,1,4,9,0,15.8,30.6,0
8,4,0,1,0,1,5,0,9.7,56.8,1
10,5,1,0,4,0,8,0,19.9,28.9,0
6,1,0,0,0,1,7,0,8.6,64.7,0
17,1,0,1,1,2,9,0,11.3,74.8,1
6,2,0,0,0,1,6,0,4.7,68.5,0
17,3,0,1,3,1,3,1,11.4,87.4,0
16,5,1,0,0,4,10,0,12.7,35.5,1
14,1,0,0,4,4,1,0,5,64.0,2
16,6,1,0,4,1,13,0,9.0,36.9,1
12,6,1,0,1,2,4,0,13.9,53.6,2
17,0,0,1,1,3,7,1,6.3,74.8,0
7,2,0,1,0,1,5,0,7.6,93.8,1
19,0,0,1,1,2,6,0,13.4,86.3,0
10,5,1,0,4,3,11,1,29.5,82.3,0
12,6,1,0,1,2,8,0,6.2,31.9,1
6,3,0,0,2,1,8,0,16.5,54.2,0
8,2,0,1,0,1,5,0,6.5,65.7,1
7,3,0,1,1,0,2,0,10.6,89.6,0
10,5,1,0,0,3,12,1,12.5,59.4,0
9,5,1,0,1,4,10,1,19.6,51.1,0
18,0,0,1,1,0,5,0,12.2,74.6,2
10,6,1,0,2,4,19,1,28.8,47.6,0
12,6,1,0,3,2,14,1,23.1,41.1,0
18,4,0,1,1,0,4,0,13.2,81.1,0
18,2,0,1,1,3,9,1,11.1,68.6,1
17,3,0,1,2,1,10,0,13.6,67.9,0
11,5,1,0,0,2,12,0,22.0,43.8,0
19,5,1,0,2,0,15,0,26.9,64.7,0
12,6,1,0,3,1,8,1,5.6,43.7,0
17,6,1,0,1,3,12,1,3.8,32.9,1
15,0,0,0,4,1,6,0,15.6,56.0,1
17,3,0,1,1,2,5,0,11.1,95.2,1
7,1,0,1,0,1,8,0,10.2,62.6,0
19,4,0,1,0,1,8,0,11.5,57.5,0
8,3,0,1,0,1,8,0,8.8,68.8,1
8,3,0,1,1,2,6,0,16.1,75.8,0
6,1,0,0,3,1,10,0,6.2,34.8,2
18,0,0,1,3,1,6,1,19.7,67.6,0
7,4,0,1,3,1,7,0,7.7,66.8,1
10,4,0,0,3,1,8,0,12.4,49.7,1
18,2,0,1,1,3,7,1,7.9,95.1,1
16,3,0,0,4,0,12,0,15.0,24.5,0
10,5,1,0,1,3,3,1,9.4,32.9,0
8,0,0,1,0,1,6,0,13.6,83.0,2
6,3,0,0,0,1,3,0,11.1,52.4,0
15,5,1,0,4,0,10,1,19.1,63.4,2
9,0,0,1,1,0,6,0,11.9,90.0,2
11,4,0,0,2,1,9,0,10.0,60.9,0
10,6,1,0,4,3,14,1,26.8,35.4,0
9,5,1,0,4,3,20,1,20.1,13.1,1
17,4,0,1,2,1,8,0,18.5,89.4,0
18,4,0,1,1,3,4,1,8.8,88.9,1
18,5,1,0,3,4,11,1,20.6,59.8,0
8,5,1,0,0,4,13,0,24.5,35.9,1
8,0,0,1,1,3,8,1,10.5,90.6,1
13,4,0,0,4,4,1,0,5,14.1,0
15,6,1,0,1,3,8,1,13.9,50.3,0
17,0,0,1,1,0,7,0,5,73.5,0
9,2,0,0,4,0,15,0,9.6,31.7,1
12,4,0,0,0,1,2,0,7.8,61.8,0
10,6,1,0,4,0,12,0,28.0,37.5,1
10,1,0,0,0,1,4,0,6.8,76.8,1
12,2,0,0,2,1,7,0,12.5,51.3,0
6,0,0,0,0,1,6,0,6.1,39.9,0
8,3,0,1,1,3,6,1,13.9,86.3,0
6,3,0,0,0,1,7,0,6.8,69.4,0
15,0,0,0,4,1,12,0,18.0,24.8,0
8,3,0,1,1,0,5,0,9.5,98.1,0
8,1,0,1,3,1,7,1,9.2,86.3,0
15,6,1,0,3,2,10,1,22.3,51.7,1
17,6,1,0,1,0,6,0,3.1,61.9,0
18,0,0,1,2,1,7,0,6.9,93.2,0
16,6,1,0,4,3,11,1,19.7,50.3,0
19,0,0,1,2,1,8,0,16.7,73.2,1
7,3,0,1,2,1,5,0,12.1,93.9,2
8,3,0,1,2,1,11,0,17.1,66.7,1
7,1,0,1,1,0,8,0,13.0,83.5,1
19,5,1,0,1,4,1,1,7.3,42.9,0
16,6,1,0,0,3,7,1,11.9,53.3,0
7,1,0,1,3,1,5,0,8.6,47.3,0
9,5,1,0,1,0,10,0,3,50.4,0
19,6,1,0,1,0,9,0,4.2,49.7,0
8,2,0,1,3,1,4,0,10.4,53.1,1
13,6,1,0,1,4,8,0,16.6,25.1,0
9,2,0,1,1,3,2,1,12.8,71.6,0
19,3,0,1,3,1,4,1,14.7,88.9,1
19,2,0,1,3,1,3,1,5,91.7,2
7,4,0,1,3,1,3,1,10.6,71.5,0
19,5,1,0,3,0,9,1,4.7,33.0,1
19,1,0,1,3,1,5,1,17.2,68.7,1
17,4,0,1,0,1,7,0,9.1,79.5,0
7,1,0,1,3,1,4,0,9.1,54.1,1
7,2,0,1,2,1,9,0,9.1,61.7,1
10,2,0,0,0,1,6,0,9.8,68.5,1
8,2,0,1,0,1,3,0,7.4,57.1,2
9,0,0,1,1,3,5,1,15.7,86.3,0
16,6,1,0,2,4,17,1,21.8,60.1,1
8,3,0,1,1,2,10,0,15.1,97.5,1
8,1,0,1,1,0,5,0,5.9,77.1,2
7,1,0,1,3,1,2,1,6.8,94.9,0
6,0,0,0,2,1,9,0,12.0,35.0,2
17,5,1,0,3,1,3,1,10.1,63.7,0
17,2,0,1,1,2,7,0,14.1,70.4,0
10,6,1,0,1,4,10,1,19.3,31.5,0
18,2,0,1,2,1,9,0,8.4,100,0
12,2,0,0,2,1,7,0,15.9,74.3,0
10,5,1,0,2,4,20,1,18.9,80.5,0
6,4,0,0,0,1,10,0,5.5,62.7,0
13,6,1,0,0,3,6,1,18.5,52.9,2
7,1,0,1,0,1,8,0,8.4,63.0,1
17,3,0,1,2,1,8,0,18.2,100,0
8,3,0,0,4,4,1,0,6.1,27.6,1
11,6,1,0,2,0,17,0,20.4,33.3,2
17,5,1,0,4,1,10,1,13.8,50.0,0
7,3,0,1,1,0,4,0,12.0,93.2,1
8,1,0,1,0,1,3,0,4.8,54.5,1
9,4,0,1,0,1,5,0,10.0,83.2,1
7,0,0,1,2,1,6,0,15.4,52.6,1
11,6,1,0,3,0,9,1,9.2,35.4,0
18,0,0,1,1,2,7,0,17.0,72.1,0
14,5,1,0,1,4,10,1,29.1,56.4,0
7,1,0,1,1,3,4,1,9.8,97.5,1
15,5,1,0,1,2,10,0,19.1,68.7,0
7,3,0,1,1,3,4,1,10.4,71.3,1
7,0,0,1,0,1,6,0,6.0,77.5,0
9,1,0,1,3,1,7,1,8.2,89.4,1
10,0,0,0,2,1,7,0,14.4,59.9,0
9,6,1,0,0,2,12,0,31.7,41.6,0
17,6,1,0,2,4,15,1,28.8,43.1,1
18,1,0,1,1,3,5,1,7.7,87.1,0
13,6,1,0,3,1,1,1,12.6,14.8,0
16,2,0,0,4,4,3,0,5.1,32.3,0
15,4,0,0,4,4,2,0,5,55.5,0
11,1,0,0,0,1,6,0,7.5,58.8,0
17,2,0,1,1,3,6,1,10.2,71.9,1
6,4,0,0,0,1,8,0,12.4,62.2,2
18,4,0,1,1,2,8,0,9.0,85.8,1
7,3,0,1,3,1,5,1,6.9,69.6,1
10,2,0,0,2,1,8,0,13.8,63.6,1
8,3,0,1,2,1,8,0,13.9,88.0,1
17,6,1,0,1,4,8,1,20.7,50.1,0
17,6,1,0,4,3,15,1,28.3,57.5,0
11,5,1,0,4,0,10,1,21.5,36.9,1
18,1,0,1,2,1,6,0,21.5,79.8,0
16,6,1,0,1,2,10,0,9.2,30.6,1
9,4,0,1,2,1,10,0,12.7,73.9,0
6,4,0,0,2,1,7,0,12.7,48.7,0
8,3,0,1,1,2,10,0,21.0,95.4,1
9,1,0,1,2,1,6,0,15.4,76.8,1
13,5,1,0,4,4,1,0,5.4,24.7,0
16,6,1,0,1,0,3,0,9.3,53.5,2
18,2,0,1,3,1,6,1,12.3,100,0
8,0,0,1,1,3,2,1,8.3,87.4,2
7,1,0,1,1,0,6,0,5,78.1,2
11,3,0,0,2,1,8,0,19.7,61.2,1
6,2,0,0,3,1,7,0,10.6,47.7,0
19,6,1,0,0,3,6,1,9.0,62.1,1
18,5,1,0,3,0,10,1,15.3,36.5,0
12,6,1,0,3,0,9,1,9.1,64.5,1
17,6,1,0,3,1,5,1,3,39.7,0
8,4,0,1,2,1,6,0,12.6,82.5,0
13,5,1,0,0,4,6,1,24.7,61.5,1
13,5,1,0,3,2,12,1,19.2,57.5,1
9,6,1,0,1,2,5,0,12.6,60.1,1
18,2,0,1,1,2,3,0,14.1,88.7,1
7,1,0,1,0,1,2,0,6.2,48.0,0
14,5,1,0,4,0,12,1,24.5,35.3,0
10,6,1,0,4,2,20,1,33.1,53.4,1
18,6,1,0,0,2,17,0,9.6,44.6,1
19,4,0,1,3,1,3,1,14.8,76.9,0
7,1,0,1,0,1,2,0,9.6,75.0,0
8,4,0,1,2,1,11,0,14.7,57.7,1
11,4,0,0,0,1,8,0,15.2,37.2,0
12,2,0,0,0,1,2,0,6.4,72.7,0
18,0,0,1,3,1,6,1,14.0,69.4,1
6,4,0,0,2,1,7,0,11.5,63.8,0
7,3,0,1,0,1,4,0,6.2,82.6,1
17,2,0,1,2,1,8,0,15.8,71.2,0
16,5,1,0,4,0,10,1,20.0,28.8,0
9,1,0,1,0,1,6,0,6.3,70.7,0
11,3,0,0,0,1,5,0,10.2,73.4,2
9,1,0,1,3,1,4,1,14.1,74.5,1
14,4,0,0,4,0,8,0,12.2,38.2,2
8,0,0,1,1,2,2,0,17.5,88.1,2
15,5,1,0,4,0,11,1,17.8,80.4,0
10,3,0,0,2,1,9,0,13.3,57.2,1
13,5,1,0,0,1,4,0,15.9,47.9,1
19,0,0,1,0,1,4,0,6.9,89.7,0
9,6,1,0,1,4,11,1,28.2,35.2,0
18,3,0,1,1,0,6,0,5,80.8,1
17,0,0,1,3,1,7,1,15.9,88.4,1
7,3,0,1,0,1,3,0,5,79.2,2
12,5,1,0,2,4,18,1,45.3,22.8,1
17,5,1,0,0,1,6,0,12.4,34.3,0
7,2,0,1,2,1,7,0,6.5,84.7,0
17,1,0,1,3,1,6,1,14.2,79.2,0
17,4,0,1,0,1,5,0,6.5,89.1,0
19,0,0,1,3,1,5,1,13.0,82.5,0
16,1,0,0,4,4,1,0,5,49.3,1
10,3,0,0,0,4,8,0,26.0,40.0,0
8,4,0,1,3,1,3,1,5,81.8,2
7,0,0,1,0,1,9,0,8.1,59.1,1
7,3,0,1,0,1,6,0,10.3,54.0,0
8,2,0,1,0,1,4,0,9.8,88.8,0
12,0,0,0,0,1,7,0,11.0,47.5,0
18,3,0,1,3,1,6,1,5,82.2,0
18,4,0,1,2,1,6,0,12.6,64.7,0
9,1,0,0,4,0,13,0,13.7,57.6,1
11,2,0,0,0,1,8,0,7.8,55.9,0
18,1,0,1,1,0,5,0,5.4,96.1,1
12,6,1,0,4,1,11,1,19.9,31.9,1
18,0,0,1,1,0,6,0,10.9,81.2,1
18,5,1,0,0,2,17,0,20.4,31.6,2
15,5,1,0,4,0,16,1,20.2,40.3,0
16,5,1,0,3,1,3,1,10.8,48.5,0
17,2,0,1,3,1,2,1,7.0,82.7,0
7,3,0,1,0,1,6,0,7.3,78.2,0
14,6,1,0,4,2,15,1,31.2,42.2,0
18,0,0,1,1,2,9,0,11.9,81.4,1
8,1,0,1,1,2,7,0,9.3,86.6,1
17,5,1,0,4,1,10,1,18.3,62.9,1
19,2,0,1,2,1,6,0,12.7,82.6,0
18,1,0,1,0,1,8,0,10.9,58.8,0
11,4,0,0,2,1,8,0,11.9,54.2,2
8,3,0,1,0,1,6,0,5,88.8,0
8,4,0,1,2,1,9,0,17.8,91.3,0
8,1,0,1,3,1,5,1,10.6,77.0,0
12,5,1,0,4,3,14,1,34.5,46.5,0
10,2,0,0,2,1,3,0,17.6,90,0
16,5,1,0,2,0,16,0,13.2,58.6,2
15,1,0,0,4,1,11,0,13.8,37.9,2
18,6,1,0,0,3,9,1,17.6,44.7,1
8,0,0,1,1,2,8,0,17.5,91.2,1
18,1,0,1,3,1,2,1,10.3,84.7,1
9,0,0,1,0,1,7,0,6.5,71.5,0
9,0,0,1,3,1,5,1,8.1,70.7,2
10,5,1,0,1,0,3,0,3,46.3,0
12,4,0,0,4,0,12,0,17.4,32.3,0
18,0,0,1,0,1,3,0,5,77.1,0
10,5,1,0,2,3,9,1,20.7,40.9,2
12,5,1,0,4,3,11,1,27.9,27.0,2
11,5,1,0,4,2,17,1,33.6,43.8,0
8,2,0,1,3,1,2,0,9.4,53.2,0
17,5,1,0,3,1,3,1,8.0,54.0,1
13,1,0,0,4,0,11,0,17.2,46.2,0
19,6,1,0,1,3,1,1,5.1,64.8,1
10,5,1,0,1,4,10,1,18.9,32.5,2
15,6,1,0,0,4,11,1,16.0,48.1,0
14,0,0,0,4,0,14,0,20.3,21.4,2
6,3,0,0,0,1,4,0,7.8,68.4,0
9,5,1,0,3,4,10,1,28.5,52.4,2
11,5,1,0,0,2,8,0,20.7,51.2,0
18,2,0,1,1,0,4,0,15.1,83.8,2
14,5,1,0,2,1,11,0,8.7,31.0,2
7,1,0,1,0,1,7,0,13.4,32.9,0
19,1,0,1,3,1,6,1,8.5,91.8,0
8,3,0,1,1,3,6,1,5.4,82.8,0
10,6,1,0,3,0,7,1,17.9,70.6,0
17,1,0,1,1,2,5,0,12.4,67.3,0
19,3,0,1,0,1,5,0,8.7,86.8,1
12,3,0,0,0,1,7,0,5.2,71.1,0
9,5,1,0,4,0,13,0,18.6,27.3,1
18,6,1,0,2,4,12,1,35.9,45.4,0
18,6,1,0,3,4,10,1,25.7,43.9,0
8,4,0,1,0,1,7,0,7.8,77.6,2
13,2,0,0,4,4,1,0,5,41.9,0
16,5,1,0,2,0,10,0,18.7,45.7,1
17,2,0,1,1,3,5,1,17.0,72.7,0
18,4,0,1,0,1,8,0,10.4,47.9,0
12,5,1,0,2,4,14,1,31.0,43.4,0
10,1,0,0,2,1,5,0,13.2,69.8,1
7,2,0,1,0,1,4,0,3.1,81.1,1
18,0,0,1,1,0,6,0,7.2,91.0,0
7,3,0,1,3,1,6,0,7.1,46.2,1
7,1,0,1,0,1,5,0,6.8,57.0,0
8,5,1,0,4,4,1,0,5,47.5,1
15,6,1,0,3,4,13,1,26.1,21.7,1
11,5,1,0,4,0,11,0,17.3,24.8,2
17,1,0,1,2,1,10,0,20.2,67.8,0
18,4,0,1,2,1,6,0,14.3,73.3,0
8,2,0,1,0,1,3,0,13.1,83.9,1
12,1,0,0,2,1,8,0,19.7,62.4,0
12,0,0,0,2,1,8,0,7.1,63.5,0
9,2,0,1,2,1,8,0,15.1,81.9,2
18,1,0,1,2,1,4,0,20.8,83.2,0
12,4,0,0,0,4,10,0,17.1,39.9,0
13,5,1,0,0,2,11,0,24.5,53.9,1
7,1,0,1,1,3,5,1,8.7,78.6,0
11,3,0,0,1,4,10,0,16.5,36.4,0
16,3,0,0,4,0,7,0,20.7,39.8,0
15,5,1,0,3,4,13,1,26.1,69.0,1
6,4,0,0,0,1,4,0,6.1,58.4,2
16,0,0,0,4,0,14,0,21.7,7.0,1
9,6,1,0,3,0,9,1,5.0,80.4,0
7,4,0,1,3,1,5,1,15.3,73.2,0
18,6,1,0,3,0,2,1,18.6,64.1,1
7,2,0,1,3,1,2,0,14.6,70.4,1
12,3,0,0,2,1,8,0,13.2,43.2,0
6,0,0,0,0,1,6,0,6.7,62.8,2
8,2,0,1,3,1,5,1,9.6,79.8,0
6,4,0,0,3,1,5,0,5.0,57.9,1
9,4,0,0,4,0,12,0,15.7,38.0,0
10,2,0,0,4,4,1,0,5,27.0,1
11,3,0,0,4,0,13,0,18.7,26.1,0
17,3,0,1,3,1,2,1,15.2,82.9,0
8,1,0,1,0,1,6,0,5.9,57.8,0
9,4,0,0,4,1,12,0,15.2,39.7,2
12,5,1,0,0,4,16,1,24.8,46.3,1
17,5,1,0,4,1,10,1,17.2,44.7,0
17,4,0,1,3,1,7,1,8.7,83.6,0
8,3,0,1,0,1,5,0,3.6,71.2,0
19,2,0,1,1,3,6,1,17.7,80.1,0
7,1,0,1,2,1,8,0,15.5,56.8,0
19,0,0,1,2,1,7,0,15.3,81.7,0
8,4,0,1,3,1,6,1,12.7,83.2,1
9,4,0,1,1,2,9,0,16.6,72.2,1
19,3,0,1,3,1,4,1,9.1,76.8,0
17,6,1,0,0,2,17,0,27.9,45.7,1
7,2,0,1,2,1,8,0,12.2,43.7,1
8,2,0,1,3,1,8,1,12.2,79.0,1
12,3,0,0,2,1,7,0,10.2,53.1,0
8,0,0,1,2,1,11,0,14.8,90.1,0
7,3,0,1,3,1,2,0,12.4,90,1
11,4,0,0,3,1,2,0,7.7,58.3,2
11,6,1,0,2,0,13,0,13.5,44.1,0
11,2,0,0,4,0,11,0,17.5,47.9,0
18,3,0,1,1,0,5,0,11.5,58.6,0
6,0,0,0,0,1,5,0,10.3,47.8,0
7,2,0,1,0,1,5,0,7.9,67.7,2
9,3,0,1,1,3,8,1,12.5,94.2,0
10,6,1,0,1,2,6,0,16.0,44.9,0
9,6,1,0,4,2,14,1,22.1,85,1
6,1,0,0,0,1,7,0,7.3,58.2,1
8,4,0,1,3,1,4,1,7.3,86.7,1
12,2,0,0,2,1,9,0,13.7,77.8,2
9,0,0,1,3,1,6,1,16.1,81.6,0
18,0,0,1,1,3,5,1,5.0,84.9,0
7,0,0,1,1,3,6,1,12.7,63.9,1
17,0,0,1,1,2,7,0,16.7,96.4,0
18,1,0,1,1,3,2,1,7.6,83.0,2
19,5,1,0,0,2,10,0,26.6,25.0,0
8,2,0,1,0,1,4,0,7.6,59.2,0
11,5,1,0,4,0,12,1,15.2,33.3,0
11,0,0,0,2,1,6,0,8.3,65.3,0
15,1,0,0,4,4,1,0,5,26.6,0
6,2,0,0,0,1,3,0,12.7,62.7,0
19,3,0,1,2,1,6,0,14.3,81.2,0
8,3,0,1,1,2,6,0,14.3,73.6,0
10,2,0,0,0,1,4,0,9.0,55.8,2
17,1,0,1,0,1,4,0,5,71.6,0
17,1,0,1,3,1,7,1,20.4,81.7,1
8,0,0,1,0,1,5,0,5,75.2,2
7,2,0,1,0,1,6,0,9.2,68.7,0
8,2,0,1,0,1,8,0,11.7,63.6,0
7,3,0,1,2,1,4,0,12.0,58.3,0
12,2,0,0,0,1,6,0,6.6,41.0,1
7,3,0,1,1,3,5,1,8.7,85.9,2
17,4,0,1,2,1,7,0,9.1,82.2,0
14,6,1,0,0,1,1,0,13.6,49.9,0
10,5,1,0,0,3,1,1,22.4,54.8,1
10,6,1,0,0,4,17,1,25.0,42.2,1
18,5,1,0,1,4,8,1,21.6,41.5,2
19,4,0,1,2,1,7,0,17.4,61.0,0
18,2,0,1,3,1,4,1,17.0,97.7,0
6,4,0,0,2,1,7,0,8.7,70.8,0
18,1,0,1,2,1,7,0,21.3,81.9,0
8,1,0,1,0,1,5,0,5,82.8,0
7,0,0,1,3,1,2,1,15.8,100,0
7,4,0,1,3,1,5,1,14.9,82.7,2
7,4,0,1,1,2,5,0,18.8,86.7,0
10,6,1,0,1,0,8,0,3.2,45.6,1
12,5,1,0,4,1,11,1,9.9,46.0,0
19,0,0,1,0,1,5,0,9.8,67.4,2
18,3,0,1,1,0,6,0,16.0,67.8,1
7,0,0,1,1,3,4,1,6.9,91.2,0
9,3,0,1,2,1,6,0,13.6,76.9,1
12,2,0,0,3,1,3,0,3,75.1,0
18,2,0,1,0,1,8,0,5,85.8,0
17,5,1,0,4,2,19,1,25.6,62.4,0
15,2,0,0,0,4,11,0,25.6,20.8,0
9,5,1,0,1,3,1,1,8.8,27.0,0
12,6,1,0,0,4,11,1,28.1,25.7,0
9,6,1,0,3,4,14,1,21.7,61.7,0
9,3,0,1,2,1,8,0,9.8,77.8,0
17,0,0,1,2,1,6,0,8.6,78.4,1
18,1,0,1,3,1,6,1,10.5,83.7,0
10,6,1,0,0,4,14,0,15.3,18.5,0
10,0,0,0,0,1,4,0,15.6,37.8,2
6,3,0,0,3,1,5,0,8.3,60.8,1
8,1,0,1,0,1,9,0,14.5,76.9,0
17,1,0,1,1,3,7,1,13.0,72.0,1
14,5,1,0,0,3,11,1,11.6,57.9,0
7,2,0,1,0,1,2,0,5,85.0,0
9,4,0,0,4,4,1,0,5,10.1,1
10,1,0,0,0,1,7,0,12.4,54.1,1
8,2,0,1,2,1,7,0,14.6,63.6,0
15,5,1,0,2,0,12,0,23.1,42.5,0
7,2,0,1,3,1,8,0,6.0,59.4,0
7,3,0,1,0,1,6,0,5.8,49.4,0
7,4,0,1,3,1,8,1,14.4,93.5,0
7,1,0,1,1,3,9,1,16.1,70.6,0
10,6,1,0,4,2,12,1,31.9,38.1,1
14,0,0,0,1,4,14,0,11.2,43.1,1
17,5,1,0,0,2,10,0,7.4,40.3,1
18,2,0,1,1,2,7,0,13.7,89.4,0
8,3,0,1,3,1,3,0,11.7,50.9,0
7,1,0,1,2,1,10,0,13.4,85.4,0
10,0,0,0,0,1,6,0,5.7,70.9,1
17,1,0,1,2,1,9,0,12.5,87.1,1
16,6,1,0,3,2,11,1,24.1,42.6,0
16,5,1,0,3,4,14,1,19.4,37.5,1
9,6,1,0,2,3,14,1,23.6,39.9,0
14,5,1,0,3,1,7,1,7.8,16.3,1
10,5,1,0,0,3,7,1,14.8,52.5,0
19,0,0,1,2,1,7,0,18.2,83.2,0
10,5,1,0,1,4,12,0,16.8,41.8,0
10,2,0,0,0,1,6,0,7.6,57.0,1
17,2,0,1,1,0,5,0,5,68.9,0
7,3,0,1,0,1,4,0,9.9,40.9,2
7,4,0,1,3,1,5,0,10.5,70.0,0
7,0,0,1,2,1,8,0,11.6,54.2,0
10,3,0,0,0,1,7,0,3,72.9,1
7,3,0,1,3,1,7,0,6.5,49.1,0
12,6,1,0,3,0,13,1,5.4,23.9,1
14,6,1,0,4,0,9,1,21.1,11.0,1
9,3,0,1,1,3,2,1,10.0,86.4,0
11,5,1,0,4,3,15,1,11.8,51.4,0
12,5,1,0,1,0,3,0,3,58.7,1
8,4,0,1,0,1,8,0,4.4,42.8,2
7,2,0,1,0,1,3,0,8.2,67.0,2
15,6,1,0,3,1,7,1,7.6,35.8,0
6,1,0,0,0,1,6,0,10.0,45.1,1
8,3,0,1,2,1,6,0,14.2,70.4,1
9,6,1,0,4,2,19,1,29.9,62.2,0
19,2,0,1,1,3,3,1,9.4,78.6,1
17,6,1,0,0,4,16,1,20.0,40.9,0
14,4,0,0,4,1,8,0,12.3,14.8,0
8,1,0,1,2,1,10,0,11.5,73.3,0
18,1,0,1,1,2,10,0,10.0,73.0,0
18,3,0,1,1,3,5,1,15.7,74.8,0
8,0,0,1,0,1,2,0,5.9,96.0,0
15,4,0,0,0,4,10,0,10.5,23.3,0
8,3,0,1,2,1,9,0,12.2,53.3,0
7,3,0,1,0,1,5,0,9.2,75.4,1
17,1,0,1,0,1,4,0,6.8,83.0,0
12,3,0,0,0,4,11,0,22.2,18.4,0
7,2,0,1,3,1,4,0,6.3,52.0,2
13,6,1,0,2,4,17,1,27.2,10,2
9,0,0,1,3,1,6,1,15.8,100,1
10,6,1,0,1,4,10,1,16.1,40.0,2
9,6,1,0,4,4,1,0,5,33.1,1
11,5,1,0,0,4,10,1,20.5,40.6,0
6,0,0,0,2,1,6,0,18.0,45.1,0
10,3,0,0,2,1,7,0,17.4,60.4,0
7,0,0,1,1,0,6,0,6.0,76.2,1
10,4,0,0,0,1,10,0,8.4,46.4,0
12,1,0,0,0,1,3,0,12.7,46.8,1
8,0,0,1,1,0,2,0,9.9,80.0,0
18,1,0,1,1,3,4,1,5,78.5,0
16,2,0,0,4,4,1,0,8.2,32.2,1
13,6,1,0,3,0,7,1,21.4,77.5,0
12,0,0,0,3,1,5,0,5.6,52.1,0
18,0,0,1,2,1,11,0,5,80.9,0
18,6,1,0,4,2,20,1,25.7,56.4,0
18,1,0,1,3,1,7,1,10.1,76.6,0
6,2,0,0,2,1,5,0,8.8,68.8,0
19,3,0,1,3,1,6,1,10.2,62.9,2
17,0,0,1,0,1,4,0,5.8,90.1,1
6,3,0,0,0,1,5,0,14.8,56.2,2
7,2,0,1,0,1,5,0,7.0,83.3,0
12,3,0,0,4,4,1,0,7.1,45.0,1
8,3,0,1,0,1,4,0,9.9,79.5,0
10,5,1,0,4,1,13,1,21.2,25.2,0
18,5,1,0,2,3,12,1,18.9,41.6,0
15,5,1,0,0,4,9,1,24.0,40.7,0
17,2,0,1,0,1,6,0,12.2,88.0,0
16,4,0,0,1,4,9,0,22.5,41.2,1
7,4,0,1,0,1,5,0,8.6,88.4,0
7,2,0,1,1,0,2,0,7.5,79.8,0
10,1,0,0,0,4,14,0,15.0,25.9,0
10,5,1,0,4,3,18,1,21.6,41.6,0
7,4,0,1,0,1,6,0,5.0,78.3,1
9,4,0,1,0,1,3,0,13.2,74.4,1
11,1,0,0,0,1,6,0,10.4,74.2,0
8,0,0,1,0,1,4,0,10.4,72.6,1
12,2,0,0,0,1,6,0,4.5,44.9,0
8,3,0,1,2,1,5,0,19.2,100,0
14,2,0,0,0,4,10,0,15.2,32.6,0
10,5,1,0,3,4,16,1,18.4,22.8,2
7,2,0,1,1,2,8,0,16.2,72.6,0
17,1,0,1,3,1,7,1,14.1,86.8,1
11,6,1,0,4,1,9,1,29.4,58.7,0
17,2,0,1,3,1,6,1,12.0,84.7,1
9,6,1,0,0,1,5,0,7.2,36.6,0
18,4,0,1,0,1,3,0,5,80.5,0
10,3,0,0,3,1,3,0,9.0,76.4,1
10,3,0,0,0,4,9,0,17.0,21.8,1
12,0,0,0,2,1,5,0,13.8,60.6,0
16,6,1,0,3,0,9,1,13.3,37.2,0
7,0,0,1,3,1,1,0,5.2,66.2,1
17,5,1,0,2,3,10,1,16.1,53.4,0
16,3,0,0,4,4,1,0,5,42.1,1
10,5,1,0,3,0,7,1,15.7,69.7,2
7,4,0,1,0,1,5,0,8.2,91.4,0
9,3,0,0,4,0,14,0,12.2,24.1,1
18,1,0,1,3,1,5,1,12.6,96.4,0
9,2,0,1,3,1,6,1,8.2,95.7,2
17,4,0,1,2,1,7,0,11.2,67.1,1
16,6,1,0,2,4,16,1,37.2,34.7,2
7,4,0,1,3,1,4,0,11.2,55.5,1
19,5,1,0,2,3,8,1,21.5,25.1,1
6,3,0,0,2,1,12,0,22.4,52.8,1
17,6,1,0,0,2,10,0,27.2,31.1,1
17,2,0,1,2,1,6,0,11.5,92.8,2
10,5,1,0,0,3,5,1,17.9,41.5,0
7,3,0,1,2,1,10,0,14.4,86.4,1
8,3,0,1,0,1,3,0,7.8,84.0,1
19,3,0,1,0,1,8,0,15.5,84.1,2
18,6,1,0,0,4,13,1,25.0,47.9,2
17,0,0,1,1,0,4,0,5,87.8,1
17,6,1,0,2,1,8,0,21.8,55.2,0
6,4,0,0,0,1,5,0,11.5,35.6,0
11,1,0,0,0,1,4,0,7.0,72.2,0
7,2,0,1,2,1,7,0,13.0,51.7,0
12,1,0,0,0,1,6,0,6.1,56.8,1
7,0,0,1,3,1,6,1,5,88.1,0
17,4,0,1,1,0,7,0,13.8,74.9,0
15,5,1,0,1,2,11,0,7.9,43.5,0
16,6,1,0,2,3,11,1,24.4,39.0,0
8,4,0,1,3,1,1,0,13.5,84.9,0
10,2,0,0,0,1,7,0,3.9,31.7,1
12,6,1,0,4,3,14,1,23.2,79.2,0
8,4,0,1,2,1,7,0,12.8,75.4,1
16,5,1,0,2,3,13,1,22.5,44.2,0
19,2,0,1,0,1,7,0,5,66.9,1
11,1,0,0,0,1,5,0,6.3,72.0,1
16,6,1,0,1,0,6,0,10.4,44.1,2
14,5,1,0,3,2,9,1,19.6,42.3,0
17,5,1,0,2,4,20,1,27.1,55.3,0
16,4,0,0,1,4,8,0,14.8,12.8,1
18,2,0,1,2,1,7,0,14.2,88.5,0
18,1,0,1,3,1,3,1,6.9,85.3,1
7,2,0,1,3,1,3,1,10.0,75.5,0
7,1,0,1,0,1,8,0,9.0,57.3,2
7,1,0,1,0,1,4,0,5.8,52.9,1
9,3,0,1,0,1,7,0,5,81.6,0
17,3,0,1,1,0,6,0,14.1,75.7,2
15,6,1,0,3,1,5,1,12.5,50.4,0
11,2,0,0,3,1,4,0,6.4,39.2,1
7,1,0,1,0,1,6,0,11.2,72.0,1
12,5,1,0,1,4,8,1,15.0,61.6,0
11,3,0,0,0,1,6,0,12.0,66.3,1
18,0,0,1,2,1,8,0,12.3,69.5,0
10,1,0,0,0,1,7,0,10.1,72.8,1
19,4,0,1,2,1,8,0,12.4,80.4,0
10,6,1,0,4,0,12,0,28.1,25.5,0
17,5,1,0,1,3,9,1,10.6,57.3,2
11,6,1,0,4,2,17,1,38.8,39.2,1
16,5,1,0,3,0,11,1,11.0,48.1,1
18,0,0,1,3,1,6,1,15.4,81.1,1
12,4,0,0,2,1,6,0,17.1,60.8,2
14,6,1,0,0,4,10,0,15.5,37.8,0
11,4,0,0,2,1,8,0,13.6,46.6,1
7,3,0,1,3,1,4,1,13.2,76.2,0
18,1,0,1,1,2,10,0,17.2,76.0,2
7,2,0,1,3,1,3,1,6.1,71.4,2
18,4,0,1,1,3,3,1,15.0,79.6,0
8,2,0,0,4,4,1,0,5,28.9,0
9,5,1,0,0,2,8,0,24.2,54.1,0
8,3,0,1,0,1,6,0,9.1,59.2,2
12,4,0,0,2,1,12,0,9.6,67.9,1
11,3,0,0,0,4,7,0,15.7,23.0,0
11,6,1,0,2,4,16,1,33.7,66.5,1
7,4,0,1,0,1,4,0,5,84.6,0
16,6,1,0,2,0,15,0,18.8,34.5,0
13,4,0,0,1,4,6,0,5,18.6,0
12,6,1,0,2,4,18,1,36.6,28.4,0
17,2,0,1,0,1,2,0,8.2,91.1,0
17,4,0,1,0,1,6,0,7.8,66.4,0
18,6,1,0,2,4,12,1,37.6,21.9,2
14,6,1,0,2,3,9,1,18.8,42.0,0
18,0,0,1,1,0,5,0,5,85.6,0
12,4,0,0,3,1,5,0,11.4,50.7,1
19,1,0,1,1,0,5,0,5,84.8,0
10,5,1,0,4,3,14,1,24.7,57.2,1
12,1,0,0,4,4,1,0,5,28.4,1
13,6,1,0,0,3,10,1,13.5,41.2,0
7,1,0,1,2,1,9,0,11.9,60.3,1
9,1,0,0,4,0,10,0,19.7,28.2,1
6,4,0,0,0,1,5,0,7.4,62.6,1
18,3,0,1,1,2,8,0,16.6,73.7,0
14,6,1,0,3,4,14,1,20.2,76.0,0
12,6,1,0,2,1,2,0,7.0,48.7,1
10,5,1,0,1,0,9,0,10.3,49.0,1
18,5,1,0,4,0,16,1,26.9,32.2,1
10,1,0,0,3,1,4,0,6.9,69.3,0
9,6,1,0,1,2,8,0,13.2,53.9,1
8,3,0,1,1,2,9,0,22.1,83.6,0
8,4,0,1,3,1,2,1,9.5,92.4,0
18,3,0,1,1,3,8,1,6.8,90.3,1
17,1,0,1,0,1,10,0,8.9,89.6,0
14,6,1,0,2,3,20,1,9.4,35.9,2
19,6,1,0,0,2,11,0,21.2,30.4,0
8,0,0,1,0,1,5,0,12.7,93.5,0
18,3,0,1,2,1,9,0,16.1,76.8,1
8,3,0,1,3,1,8,1,14.1,74.8,0
10,5,1,0,1,3,1,1,9.7,29.8,1
13,5,1,0,4,2,18,1,30.7,49.1,0
18,1,0,1,2,1,3,0,17.7,100,0
6,4,0,0,0,1,5,0,9.8,49.3,0
19,6,1,0,2,3,10,1,20.8,51.6,1
16,6,1,0,3,4,19,1,18.6,42.5,0
6,2,0,0,3,1,6,0,4.3,43.0,1
13,5,1,0,2,3,13,1,11.4,46.3,0
8,2,0,0,1,4,7,0,16.4,27.5,1
17,6,1,0,2,1,11,0,11.9,33.3,0
11,5,1,0,1,3,1,1,3,24.6,1
15,6,1,0,4,1,7,1,11.4,47.7,0
18,3,0,1,3,1,4,1,14.9,60.0,1
15,5,1,0,1,3,1,1,18.6,48.7,0
11,6,1,0,2,0,11,0,21.0,40.5,0
19,5,1,0,4,3,16,1,26.4,37.7,0
10,2,0,0,3,1,5,0,4.8,54.5,0
8,0,0,1,3,1,2,1,10.2,79.3,0
12,5,1,0,0,4,11,1,27.1,34.2,0
9,0,0,1,1,2,7,0,17.4,82.5,0
13,6,1,0,3,2,14,1,18.5,68.1,1
13,5,1,0,4,0,14,1,25.7,52.4,0
7,1,0,1,0,1,7,0,5.5,56.7,0
8,2,0,1,1,2,4,0,16.6,75.2,1
18,4,0,1,1,2,5,0,16.8,91.5,1
9,5,1,0,2,4,20,1,31.9,45.4,0
16,5,1,0,3,1,6,1,17.2,60.0,1
8,1,0,1,1,2,5,0,13.1,72.9,0
18,0,0,1,1,3,7,1,7.1,83.9,2
7,1,0,1,1,0,7,0,8.9,72.1,0
18,2,0,1,1,2,9,0,6.4,98.5,2
13,5,1,0,4,3,20,1,21.4,46.1,0
18,0,0,1,2,1,8,0,9.6,89.7,2
15,6,1,0,1,4,5,1,15.6,52.7,0
11,3,0,0,4,4,2,0,8.9,45.5,1
19,1,0,1,2,1,5,0,16.0,87.4,1
18,2,0,1,3,1,4,1,10.1,72.0,0
6,4,0,0,0,1,5,0,9.9,67.1,2
18,6,1,0,3,0,7,1,17.2,29.2,1
19,6,1,0,1,4,9,1,22.6,29.4,0
7,3,0,1,0,1,9,0,8.8,83.8,2
8,2,0,1,3,1,4,1,15.0,99.3,1
19,3,0,1,1,0,3,0,11.8,82.4,1
8,4,0,1,3,1,5,1,15.2,95.4,0
19,0,0,1,0,1,7,0,9.8,89.7,2
13,2,0,0,4,4,1,0,5,33.7,1
16,5,1,0,4,4,2,0,5,60.2,0
17,1,0,1,0,1,2,0,6.4,69.9,0
19,6,1,0,2,4,14,1,35.1,42.3,1
12,6,1,0,3,1,8,1,11.1,66.9,1
10,5,1,0,4,0,4,0,18.7,26.7,0
12,0,0,0,2,1,9,0,12.1,50.6,0
18,1,0,1,2,1,9,0,12.7,75.8,0
17,4,0,1,1,3,4,1,9.7,78.9,0
18,3,0,1,1,0,2,0,5,84.5,0
11,4,0,0,4,1,11,0,19.3,18.4,0
7,3,0,1,2,1,10,0,15.4,49.1,0
17,2,0,1,3,1,4,1,5.6,85.6,1
7,3,0,1,1,3,8,1,10.4,64.6,1
8,0,0,1,3,1,2,1,7.1,79.0,1
7,4,0,1,0,1,7,0,13.9,52.7,1
9,5,1,0,0,4,13,1,10.5,32.8,0
14,6,1,0,1,0,7,0,9.0,44.7,2
12,6,1,0,3,1,1,1,7.2,55.4,1
17,0,0,1,0,1,4,0,7.6,100,0
11,5,1,0,4,1,9,1,19.7,35.0,2
8,3,0,1,2,1,11,0,9.0,87.2,0
8,2,0,1,0,1,7,0,11.3,70.0,1
18,2,0,1,2,1,8,0,17.3,83.3,0
7,2,0,1,2,1,9,0,19.8,71.2,0
6,1,0,0,2,1,6,0,20.3,40.4,0
13,5,1,0,4,3,12,1,22.2,51.8,2
10,1,0,0,0,1,4,0,10.4,66.4,2
18,2,0,1,0,1,5,0,5.5,99.6,1
18,6,1,0,1,4,8,1,24.4,47.4,0
13,4,0,0,0,4,15,0,20.0,33.4,1
17,0,0,1,2,1,4,0,16.5,88.1,1
19,4,0,1,1,0,10,0,17.6,79.6,0
11,3,0,0,0,1,4,0,11.9,76.2,0
6,4,0,0,0,1,6,0,12.3,70.7,1
7,2,0,1,3,1,8,1,10.8,79.8,1
7,1,0,1,0,1,3,0,11.1,52.6,1
6,1,0,0,3,1,1,0,7.8,35.8,1
17,3,0,1,2,1,8,0,10.4,96.5,0
7,1,0,1,1,3,7,1,15.9,100,0
17,5,1,0,2,1,4,0,20.4,33.4,1
18,6,1,0,2,1,7,0,14.6,33.2,1
16,5,1,0,4,2,20,1,31.8,22.6,0
8,2,0,1,1,2,8,0,14.4,90.4,2
7,1,0,1,0,1,5,0,8.8,84.8,0
19,5,1,0,3,1,3,1,12.0,18.4,1
8,4,0,1,1,2,5,0,12.3,83.1,1
17,5,1,0,4,2,18,1,25.8,67.1,1
13,6,1,0,3,4,16,1,22.0,64.6,0
11,5,1,0,3,4,11,1,27.4,50.0,0
18,2,0,1,0,1,5,0,12.4,86.7,1
6,4,0,0,0,1,6,0,8.0,47.9,1
15,0,0,0,1,4,11,0,25.4,36.1,0
8,1,0,1,0,1,7,0,7.7,67.7,0
10,3,0,0,4,1,11,0,19.1,30.3,1
8,2,0,1,1,0,8,0,7.9,80.9,0
17,3,0,1,2,1,3,0,22.0,74.9,0
6,1,0,0,0,1,4,0,11.2,51.0,0
14,3,0,0,4,1,8,0,17.0,29.4,0
17,3,0,1,1,2,7,0,14.2,67.3,0
7,4,0,1,0,1,4,0,3.2,30.9,1
13,6,1,0,4,0,16,0,11.8,42.8,1
7,1,0,1,0,1,6,0,9.1,69.0,0
16,5,1,0,2,4,20,1,35.0,38.0,2
15,3,0,0,4,4,2,0,5,40.7,1
8,3,0,1,3,1,5,1,9.0,69.7,1
9,3,0,0,0,4,13,0,15.8,10.9,0
16,5,1,0,1,0,5,0,3,69.8,1
16,2,0,0,4,4,2,0,5.7,29.8,0
8,4,0,1,3,1,6,1,12.1,70.8,0
11,1,0,0,1,4,3,0,22.7,27.2,2
19,5,1,0,1,3,5,1,16.3,54.6,0
9,0,0,1,1,2,10,0,17.8,82.5,0
18,6,1,0,3,4,15,1,21.1,53.3,0
9,3,0,1,0,1,6,0,8.8,85.8,0
8,3,0,1,2,1,8,0,14.2,56.0,0
8,4,0,1,2,1,10,0,10.4,66.2,0
8,0,0,1,3,1,4,1,13.9,90.9,2
13,5,1,0,0,3,14,1,17.8,49.6,0
11,5,1,0,4,0,13,0,19.7,63.4,0
11,6,1,0,4,2,18,1,30.7,20.3,0
17,1,0,1,3,1,3,1,15.5,86.9,0
12,3,0,0,3,1,6,0,3,59.0,1
12,6,1,0,3,2,14,1,22.1,33.8,1
8,2,0,1,0,1,8,0,7.4,67.6,1
13,6,1,0,2,1,3,0,13.0,29.5,2
18,0,0,1,2,1,8,0,17.0,88.4,0
17,3,0,1,3,1,4,1,18.6,84.5,1
12,5,1,0,4,4,1,0,5,55.0,0
8,2,0,1,1,3,2,1,9.1,100,1
8,2,0,1,3,1,6,0,9.1,53.0,0
7,4,0,1,2,1,8,0,14.1,74.5,0
7,2,0,1,3,1,8,1,9.7,80.1,0
6,4,0,0,0,1,9,0,6.3,45.1,2
15,4,0,0,4,0,11,0,28.2,40.1,0
6,3,0,0,0,1,5,0,8.9,67.5,0
6,2,0,0,0,1,6,0,8.8,64.4,2
6,4,0,0,0,1,4,0,5.3,56.5,0
17,4,0,1,2,1,9,0,9.3,82.2,0
11,6,1,0,3,4,12,1,17.0,22.2,1
19,1,0,1,0,1,6,0,18.9,77.1,0
12,6,1,0,4,0,11,1,22.1,35.9,0
16,6,1,0,4,1,8,1,20.5,16.8,2
8,4,0,1,3,1,3,1,13.6,96.6,0
9,3,0,1,2,1,9,0,18.3,78.0,1
15,6,1,0,1,0,9,0,3,39.4,0
19,1,0,1,1,3,7,1,16.9,81.8,0
16,6,1,0,2,3,13,1,27.3,60.2,1
18,1,0,1,2,1,10,0,13.8,82.8,0
8,1,0,1,2,1,7,0,13.4,84.0,2
8,1,0,1,0,1,5,0,6.4,80.4,0
15,5,1,0,1,4,5,1,22.3,10.9,0
13,5,1,0,4,4,1,0,5,26.0,0
10,5,1,0,3,4,18,1,33.4,15.5,0
12,6,1,0,4,2,13,1,30.6,42.4,1
17,0,0,1,1,0,4,0,5,82.3,1
14,6,1,0,2,3,14,1,25.7,62.9,0
14,4,0,0,4,4,1,0,5,48.2,0
9,3,0,0,4,4,2,0,5,19.7,0
9,6,1,0,4,1,11,1,15.4,54.0,1
13,1,0,0,4,1,6,0,17.9,32.3,0
8,2,0,1,2,1,9,0,10.5,96.0,0
15,6,1,0,2,0,12,0,17.5,47.6,1
14,1,0,0,1,4,12,0,19.0,51.4,1
13,5,1,0,2,4,18,1,43.9,44.1,2
8,1,0,1,0,1,6,0,5.3,82.3,0
7,0,0,1,3,1,8,0,6.3,75.8,0
7,1,0,1,3,1,3,0,3,78.4,0
18,2,0,1,3,1,4,1,10.8,79.3,0
18,6,1,0,4,3,16,1,25.6,42.0,0
18,3,0,1,1,2,8,0,10.1,80.4,1
18,2,0,1,2,1,8,0,15.2,72.7,1
9,3,0,1,1,0,4,0,9.3,81.6,2
9,6,1,0,2,4,18,1,30.3,36.9,0
7,4,0,1,2,1,7,0,14.5,23.0,0
12,6,1,0,2,1,5,0,11.8,39.5,2
7,0,0,1,3,1,3,1,16.2,80.5,1
19,6,1,0,2,0,13,0,18.6,37.6,0
6,1,0,0,3,1,8,0,8.2,62.4,1
14,6,1,0,2,3,13,1,22.1,27.3,0
10,6,1,0,2,0,16,0,18.4,59.9,0
11,1,0,0,4,1,9,0,15.2,53.1,0
7,2,0,1,2,1,6,0,12.9,98.2,0
15,5,1,0,0,4,13,1,17.5,44.6,1
14,5,1,0,1,2,8,0,10.4,51.0,0
6,0,0,0,0,1,8,0,11.1,46.1,1
11,4,0,0,4,0,12,0,15.7,5,0
10,6,1,0,4,3,12,1,30.6,61.6,0
9,1,0,1,2,1,7,0,12.9,75.2,0
13,5,1,0,1,4,6,1,25.2,32.6,0
12,0,0,0,4,4,1,0,7.3,23.4,1
10,6,1,0,3,0,5,1,13.7,22.0,1
15,6,1,0,1,0,2,0,5.2,50.4,0
18,1,0,1,1,0,7,0,5.4,79.1,1
6,1,0,0,0,1,4,0,4.5,50.9,1
8,3,0,1,0,1,3,0,6.2,87.1,0
12,5,1,0,1,3,2,1,10.9,42.7,0
8,1,0,1,2,1,6,0,13.6,100,2
19,4,0,1,0,1,4,0,14.9,85.9,0
12,5,1,0,1,2,11,0,18.6,43.4,0
18,1,0,1,1,3,4,1,5,90.3,1
18,4,0,1,1,0,4,0,5.7,99.1,0
11,5,1,0,1,4,11,1,22.2,54.6,2
17,4,0,1,1,0,8,0,14.9,79.1,0
11,3,0,0,3,1,3,0,9.6,61.9,0
8,0,0,1,1,0,6,0,7.8,95.1,2
7,2,0,1,0,1,6,0,7.4,59.7,1
7,1,0,1,3,1,8,1,11.3,87.9,0
6,4,0,0,2,1,9,0,9.9,68.2,0
18,2,0,1,0,1,4,0,13.3,67.6,0
17,6,1,0,3,2,17,1,20.5,10,1
8,3,0,1,0,1,8,0,4.6,56.4,1
11,2,0,0,0,1,5,0,7.1,60.2,1
17,6,1,0,3,2,10,1,29.6,10,0
10,1,0,0,0,1,5,0,4.2,40.7,1
8,1,0,1,0,1,6,0,7.5,98.9,0
12,3,0,0,4,4,1,0,13.5,39.8,0
9,0,0,0,4,4,1,0,5,52.5,0
7,3,0,1,1,3,4,1,8.3,84.2,1
16,6,1,0,0,4,15,0,22.1,52.4,2
19,2,0,1,1,0,2,0,6.5,91.4,0
11,1,0,0,0,1,6,0,6.4,32.5,0
6,1,0,0,3,1,2,0,9.7,68.0,1
8,1,0,1,0,1,6,0,6.4,62.0,0
17,0,0,1,2,1,5,0,9.9,79.1,2
18,2,0,1,1,2,7,0,20.4,75.1,2
14,5,1,0,0,1,7,0,8.6,51.2,2
10,5,1,0,2,1,11,0,9.7,36.3,0
15,1,0,0,4,1,9,0,19.9,54.5,1
10,4,0,0,2,1,10,0,12.5,53.2,1
6,1,0,0,3,1,5,0,7.7,44.4,2
12,6,1,0,3,1,7,1,9.4,47.7,1
9,6,1,0,2,4,20,1,26.7,27.8,2
17,4,0,1,0,1,3,0,10.2,80.7,2
18,2,0,1,2,1,7,0,18.0,76.9,1
7,1,0,1,3,1,2,1,23.2,81.3,0
16,6,1,0,3,2,13,1,14.5,62.8,0
6,4,0,0,0,1,7,0,9.0,69.2,1
8,1,0,1,2,1,9,0,14.0,73.6,0
11,0,0,0,3,1,3,0,4.3,59.2,0
7,4,0,1,1,2,7,0,13.0,94.7,1
13,6,1,0,3,4,12,1,31.1,35.1,0
10,5,1,0,4,3,14,1,24.0,57.6,2
17,4,0,1,1,3,4,1,11.0,83.5,1
17,1,0,1,0,1,2,0,13.5,71.5,1
18,0,0,1,3,1,7,1,9.8,69.4,1
18,4,0,1,0,1,3,0,7.2,92.0,0
14,5,1,0,2,0,13,0,26.9,53.1,0
18,0,0,1,1,0,3,0,13.0,58.5,0
7,0,0,1,0,1,4,0,4.7,59.6,0
17,0,0,1,2,1,9,0,13.8,94.2,0
19,0,0,1,0,1,3,0,6.9,87.5,0
6,3,0,0,3,1,1,0,8.0,75.3,0
10,1,0,0,0,1,7,0,5.0,56.8,2
11,5,1,0,0,1,6,0,9.2,50.1,0
8,0,0,1,0,1,4,0,8.7,61.7,1
12,5,1,0,4,1,10,0,21.1,36.0,0
16,5,1,0,1,0,4,0,3.6,11.7,0
6,1,0,0,3,1,6,0,8.0,56.4,0
16,5,1,0,1,2,3,0,4.9,66.1,0
17,4,0,1,0,1,2,0,7.2,90.4,0
8,3,0,1,1,3,7,1,13.4,77.4,1
18,5,1,0,0,3,6,1,9.9,57.8,0
12,6,1,0,3,2,10,1,23.1,38.8,0
10,4,0,0,3,1,1,0,5.8,62.1,0
9,6,1,0,3,2,13,1,8.1,35.3,0
14,4,0,0,0,4,13,0,20.8,19.7,0
9,6,1,0,3,2,10,1,19.0,48.5,2
18,1,0,1,3,1,4,1,17.0,93.5,1
12,6,1,0,2,4,19,1,31.7,42.7,1
18,1,0,1,1,3,3,1,15.6,100,2
18,2,0,1,2,1,5,0,16.7,94.0,1
17,0,0,1,2,1,5,0,14.0,78.4,1
12,6,1,0,1,4,11,1,9.8,48.9,0
18,1,0,1,0,1,2,0,9.5,72.9,1
17,1,0,1,0,1,8,0,7.2,90.7,1
8,0,0,1,1,0,9,0,11.1,85.4,0
15,5,1,0,1,4,10,0,17.4,46.6,2
7,2,0,1,3,1,5,1,19.8,79.4,1
11,3,0,0,0,1,7,0,7.8,76.1,2
6,4,0,0,0,1,6,0,7.5,43.6,0
19,5,1,0,1,0,9,0,7.8,45.4,1
9,1,0,1,2,1,7,0,9.8,79.7,2
19,2,0,1,3,1,5,1,10.8,78.4,1
12,3,0,0,3,1,4,0,5.3,67.0,1
9,5,1,0,1,3,1,1,8.8,42.3,0
6,4,0,0,0,1,8,0,5.2,59.2,2
8,2,0,1,1,3,6,1,12.6,63.7,1
9,2,0,1,1,3,5,1,11.0,77.9,0
8,3,0,1,0,1,6,0,6.7,82.5,0
9,0,0,1,2,1,5,0,16.2,91.5,0
18,6,1,0,0,3,4,1,21.9,75.7,1
12,6,1,0,0,2,12,0,27.6,22.2,0
18,2,0,1,1,0,4,0,11.5,93.4,1
11,6,1,0,1,0,5,0,13.2,49.7,2
6,0,0,0,0,1,6,0,6.2,71.7,1
15,5,1,0,0,3,6,1,16.9,61.6,0
7,4,0,1,2,1,5,0,11.6,79.7,0
8,4,0,1,2,1,8,0,16.3,65.5,1
19,5,1,0,2,3,11,1,15.2,39.3,2
8,0,0,1,2,1,9,0,8.1,67.4,0
15,5,1,0,0,3,14,1,16.4,49.4,1
6,2,0,0,2,1,5,0,16.3,63.2,0
18,1,0,1,3,1,6,1,13.1,87.1,0
7,4,0,1,1,3,3,1,12.6,86.3,0
17,3,0,1,1,3,6,1,11.3,86.3,0
18,1,0,1,2,1,6,0,14.7,90.1,0
8,1,0,1,3,1,8,1,8.0,77.8,0
16,2,0,0,4,4,1,0,6.3,47.1,0
8,4,0,1,1,2,9,0,15.6,95.1,0
18,4,0,1,3,1,5,1,10.0,79.8,1
10,2,0,0,4,0,10,0,11.3,43.0,0
10,4,0,0,3,1,5,0,6.7,41.5,0
9,0,0,1,3,1,5,1,12.9,79.8,1
11,3,0,0,4,1,11,0,22.2,49.4,0
14,6,1,0,1,3,5,1,13.8,33.1,0
13,6,1,0,2,1,12,0,14.4,36.9,0
9,6,1,0,2,3,11,1,21.3,38.6,1
18,6,1,0,2,0,18,0,20.5,26.2,2
19,6,1,0,3,4,15,1,20.0,38.6,0
16,5,1,0,0,4,12,1,19.5,34.8,0
8,1,0,1,2,1,4,0,12.6,75.1,0
9,6,1,0,1,2,4,0,12.5,52.2,0
18,3,0,1,0,1,5,0,5,82.2,0
9,0,0,1,1,2,7,0,13.4,78.7,0
18,1,0,1,1,3,5,1,7.6,76.4,2
9,5,1,0,2,4,17,1,37.0,47.2,0
9,4,0,1,1,2,8,0,13.6,89.2,2
7,1,0,1,0,1,4,0,9.1,51.1,1
10,3,0,0,0,1,1,0,6.9,73.6,1
18,2,0,1,0,1,5,0,5,81.0,1
11,1,0,0,2,1,7,0,16.4,46.5,0
13,2,0,0,0,4,16,0,16.6,19.7,0
7,2,0,1,0,1,4,0,6.0,91.2,0
17,2,0,1,1,2,8,0,12.9,93.7,0
11,6,1,0,4,0,13,0,26.4,19.8,1
12,3,0,0,0,1,5,0,4.6,54.9,0
8,1,0,0,4,0,11,0,14.5,37.6,0
8,3,0,1,0,1,3,0,7.7,49.1,0
7,2,0,1,1,3,4,1,12.0,78.6,0
19,5,1,0,2,1,4,0,17.2,52.8,0
7,0,0,1,3,1,8,1,11.7,75.9,0
18,2,0,1,2,1,7,0,12.4,74.1,1
17,0,0,1,2,1,10,0,7.4,71.0,0
8,0,0,1,0,1,5,0,10.5,78.6,0
9,3,0,0,4,0,9,0,15.7,19.6,0
12,5,1,0,3,2,8,1,23.5,56.0,0
10,5,1,0,2,3,10,1,21.0,73.1,0
14,6,1,0,2,1,8,0,18.1,47.0,0
14,5,1,0,4,0,13,0,22.5,42.3,0
18,3,0,1,2,1,7,0,20.2,82.6,0
18,4,0,1,1,2,8,0,13.5,96.9,0
17,1,0,1,0,1,7,0,10.0,89.4,0
17,4,0,1,2,1,10,0,18.1,76.5,0
18,1,0,1,0,1,6,0,10.9,85.8,0
8,2,0,1,0,1,10,0,7.3,90.5,0
10,0,0,0,2,1,7,0,14.1,52.6,1
10,4,0,0,4,4,1,0,5,52.7,0
11,0,0,0,0,1,8,0,4.7,38.3,0
11,2,0,0,0,1,7,0,4.0,63.0,0
16,5,1,0,1,0,8,0,8.7,52.8,2
8,0,0,1,3,1,6,0,10.9,51.3,0
12,6,1,0,4,1,11,1,15.4,29.2,0
10,6,1,0,0,4,10,1,23.4,40.2,2
18,0,0,1,0,1,3,0,9.8,69.6,0
17,0,0,1,0,1,5,0,9.1,62.3,2
13,6,1,0,3,2,11,1,27.3,23.5,0
10,0,0,0,0,1,8,0,4.8,72.6,0
18,5,1,0,0,1,6,0,6.8,45.3,0
7,4,0,1,3,1,2,1,13.1,77.6,1
9,6,1,0,2,4,18,1,25.8,57.1,0
11,5,1,0,2,1,5,0,19.3,48.3,1
18,3,0,1,0,1,2,0,11.9,57.7,0
15,5,1,0,4,4,1,0,5,43.5,0
7,4,0,1,3,1,6,0,9.2,65.9,0
10,1,0,0,3,1,2,0,10.1,82.8,2
12,6,1,0,2,1,11,0,20.5,52.3,2
7,1,0,1,0,1,6,0,10.4,54.3,2
19,6,1,0,1,4,10,1,22.0,80.8,2
9,4,0,1,1,3,8,1,12.8,92.8,0
12,5,1,0,0,2,14,0,24.6,44.5,0
6,2,0,0,0,1,2,0,10.3,62.6,0
11,4,0,0,2,1,7,0,17.8,59.3,2
13,5,1,0,4,1,11,1,23.2,58.2,0
17,5,1,0,2,1,7,0,27.4,52.7,0
14,0,0,0,1,4,8,0,18.3,50.0,0
17,4,0,1,3,1,6,1,13.9,78.9,0
8,2,0,1,1,0,6,0,8.7,74.4,0
8,1,0,1,3,1,3,1,17.1,94.8,0
11,2,0,0,2,1,9,0,4.9,44.7,1
7,4,0,1,0,1,5,0,10.7,81.1,0
10,1,0,0,4,4,1,0,5,8.9,0
10,1,0,0,4,4,1,0,5,37.7,1
17,1,0,1,2,1,7,0,19.3,68.2,1
13,6,1,0,1,4,10,1,18.4,58.6,0
8,4,0,1,1,2,8,0,7.0,86.3,0
18,6,1,0,0,1,8,0,7.6,57.5,1
17,1,0,1,1,2,10,0,14.1,54.3,0
12,3,0,0,0,1,3,0,8.2,80.1,0
12,1,0,0,0,1,10,0,8.0,56.5,0
15,0,0,0,4,1,8,0,20.1,45.7,1
16,4,0,0,4,0,9,0,23.4,18.6,0
12,3,0,0,3,1,5,0,7.6,55.2,0
14,2,0,0,4,1,12,0,19.1,44.8,0
10,6,1,0,2,0,19,0,23.6,31.1,1
9,1,0,1,2,1,11,0,14.3,74.2,1
8,0,0,1,0,1,9,0,8.4,85.8,0
10,5,1,0,1,4,2,1,19.6,44.3,1
17,3,0,1,1,2,5,0,19.3,96.3,0
19,6,1,0,3,0,8,1,14.3,19.4,0
12,2,0,0,0,1,7,0,12.5,41.4,0
13,5,1,0,2,3,11,1,17.1,32.8,0
12,3,0,0,3,1,4,0,9.5,69.0,0
17,6,1,0,1,3,2,1,3,41.6,0
7,4,0,1,1,0,7,0,5,77.8,0
7,3,0,1,2,1,4,0,14.3,51.5,2
8,4,0,0,4,0,10,0,13.1,35.3,1
12,6,1,0,3,2,9,1,22.7,60.8,1
16,2,0,0,4,0,13,0,26.2,29.5,0
17,5,1,0,1,4,7,1,17.0,60.5,1
8,3,0,1,0,1,5,0,5.8,67.3,0
6,1,0,0,2,1,8,0,14.6,45.4,1
6,0,0,0,0,1,7,0,6.9,49.0,0
9,2,0,1,3,1,4,1,7.0,92.1,1
14,5,1,0,0,1,1,0,7.7,30.4,0
18,5,1,0,3,1,6,1,14.2,44.5,1
8,1,0,1,0,1,2,0,12.2,54.7,0
13,5,1,0,1,2,5,0,13.4,43.0,1
15,5,1,0,4,3,15,1,29.6,73.3,0
12,6,1,0,0,1,8,0,3.2,28.1,1
19,2,0,1,1,3,3,1,12.5,83.2,0
17,1,0,1,1,0,7,0,12.6,93.2,1
18,2,0,1,1,0,3,0,10.0,87.9,0
8,3,0,1,0,1,5,0,10.9,90,0
12,5,1,0,1,3,4,1,8.0,46.3,0
7,4,0,1,0,1,6,0,3,60.4,2
18,3,0,1,1,0,5,0,7.9,90.4,1
12,6,1,0,4,3,13,1,25.2,20.7,0
8,2,0,1,3,1,5,1,7.8,86.6,2
10,5,1,0,4,1,9,1,25.0,46.5,0
17,5,1,0,1,0,7,0,8.6,61.6,0
6,4,0,0,2,1,9,0,14.9,56.1,0
9,3,0,1,3,1,3,1,13.7,78.8,0
13,4,0,0,4,1,8,0,23.5,22.2,0
8,3,0,1,1,3,5,1,7.5,81.9,1
18,6,1,0,0,3,10,1,18.2,32.0,0
18,0,0,1,1,2,9,0,7.6,81.8,2
19,1,0,1,0,1,5,0,10.8,83.9,2
16,5,1,0,0,1,4,0,12.1,53.1,1
8,4,0,1,1,0,5,0,5,76.2,0
8,1,0,1,0,1,6,0,5,82.2,1
18,1,0,1,1,2,6,0,13.0,93.3,0
8,2,0,1,2,1,5,0,14.0,48.7,0
7,0,0,1,0,1,4,0,12.3,59.0,0
8,1,0,1,2,1,6,0,5.0,64.2,2
13,5,1,0,4,3,11,1,24.9,44.3,1
12,6,1,0,4,2,17,1,33.1,38.3,1
14,5,1,0,1,3,1,1,17.6,32.1,1
19,6,1,0,0,2,12,0,27.8,46.9,0
12,0,0,0,2,1,7,0,12.7,75.8,0
12,1,0,0,2,1,6,0,10.5,41.3,1
16,6,1,0,1,4,9,1,21.5,64.0,0
12,1,0,0,0,1,9,0,9.6,76.7,0
14,4,0,0,4,0,9,0,12.6,40.5,0
8,0,0,1,3,1,3,1,15.6,84.5,0
9,4,0,1,3,1,5,1,5.4,86.3,0
8,4,0,1,3,1,3,1,14.5,75.4,0
14,6,1,0,0,2,17,0,26.5,55.4,1
6,3,0,0,0,1,4,0,8.3,56.6,0
17,0,0,1,1,2,8,0,21.6,83.7,1
18,1,0,1,0,1,5,0,12.7,69.3,0
19,6,1,0,2,3,6,1,21.0,37.3,0
18,0,0,1,1,2,11,0,14.9,81.3,2
17,6,1,0,4,1,7,1,21.5,73.8,1
8,0,0,1,3,1,5,1,8.1,80.9,0
8,3,0,1,1,3,7,1,15.2,68.7,1
9,4,0,1,3,1,4,1,15.5,65.9,0
8,3,0,1,0,1,6,0,8.1,72.9,1
8,3,0,1,2,1,8,0,9.0,98.3,2
8,0,0,1,1,0,3,0,6.3,71.9,0
9,5,1,0,3,2,9,1,28.5,48.9,1
14,5,1,0,4,4,1,0,5,44.8,0
17,3,0,1,1,0,3,0,7.2,77.8,0
14,3,0,0,4,0,12,0,15.4,51.7,0
8,4,0,1,1,0,5,0,13.2,88.1,1
8,0,0,1,2,1,9,0,9.7,70.9,0
15,5,1,0,3,0,9,1,3,30.4,0
7,0,0,1,3,1,5,0,6.6,62.5,0
17,6,1,0,3,2,12,1,13.6,42.2,1
6,1,0,0,0,1,8,0,13.7,54.0,1
12,6,1,0,1,0,7,0,11.0,49.8,2
15,3,0,0,4,1,9,0,18.1,34.3,0
19,4,0,1,1,2,9,0,12.5,82.2,1
17,1,0,1,2,1,6,0,21.2,84.1,0
17,1,0,1,2,1,3,0,8.1,78.3,2
11,3,0,0,0,1,9,0,5.2,54.2,0
9,4,0,1,3,1,4,1,5.8,63.7,2
12,2,0,0,4,4,1,0,5,45.1,2
7,1,0,1,2,1,8,0,10.3,72.1,1
8,2,0,1,1,2,8,0,9.5,66.1,0
10,0,0,0,3,1,6,0,8.4,51.6,0
7,3,0,1,1,2,7,0,6.3,89.1,0
16,3,0,0,4,4,1,0,6.9,43.2,0
18,1,0,1,3,1,6,1,15.1,84.9,1
17,6,1,0,2,4,20,1,16.0,24.0,0
18,6,1,0,4,0,13,1,15.7,48.6,0
12,3,0,0,2,1,7,0,22.5,62.4,0
17,6,1,0,2,4,16,1,27.7,53.7,1
18,2,0,1,0,1,5,0,5,84.8,0
18,2,0,1,3,1,5,1,9.3,81.2,1
8,4,0,1,1,2,7,0,20.2,84.3,2
9,2,0,1,1,2,5,0,14.9,63.1,2
14,6,1,0,1,3,4,1,10.8,76.8,1
10,1,0,0,4,4,1,0,5,41.0,1
18,2,0,1,1,2,6,0,6.2,87.3,1
11,4,0,0,0,1,8,0,7.0,78.4,2
16,5,1,0,3,2,12,1,23.3,61.9,1
8,4,0,1,0,1,8,0,7.6,74.5,0
8,4,0,1,2,1,8,0,18.3,67.3,0
7,2,0,1,0,1,6,0,5,90.7,0
6,3,0,0,0,1,4,0,6.3,53.2,0
18,4,0,1,2,1,4,0,12.8,100,0
6,1,0,0,0,1,6,0,11.5,87.7,0
7,2,0,1,2,1,8,0,11.0,54.7,1
7,1,0,1,3,1,8,1,15.9,69.2,1
17,4,0,1,2,1,3,0,19.1,96.4,0
16,6,1,0,0,3,6,1,15.0,35.3,2
7,0,0,1,3,1,2,1,11.5,70.1,2
9,4,0,1,1,2,9,0,13.9,66.1,1
14,5,1,0,3,1,4,1,8.4,39.5,0
8,1,0,0,4,4,1,0,5,23.9,0
10,5,1,0,1,3,11,1,16.7,47.1,0
7,2,0,1,2,1,6,0,14.6,69.1,1
17,4,0,1,2,1,9,0,11.5,88.9,0
19,6,1,0,2,1,9,0,11.5,85,0
16,6,1,0,1,4,12,0,11.8,33.2,1
7,1,0,1,0,1,3,0,11.5,55.5,0
10,5,1,0,3,1,2,1,6.5,73.6,1
7,1,0,1,3,1,3,1,10.0,77.1,0
17,2,0,1,2,1,9,0,15.1,86.0,1
11,0,0,0,4,4,1,0,5,50.1,0
14,6,1,0,4,1,7,0,17.5,24.5,0
8,1,0,1,3,1,4,0,6.1,48.0,0
19,2,0,1,1,2,8,0,15.7,79.9,0
19,6,1,0,1,3,7,1,8.6,34.1,0
17,4,0,1,1,3,4,1,10.9,98.4,0
11,6,1,0,4,1,11,1,18.7,65.6,1
7,4,0,1,0,1,8,0,5.3,98.3,2
19,4,0,1,1,3,6,1,16.0,89.8,2
15,5,1,0,2,1,6,0,18.2,34.4,0
19,6,1,0,2,3,14,1,20.8,63.1,1
18,3,0,1,2,1,8,0,19.1,83.5,1
7,1,0,1,2,1,6,0,25.1,83.2,1
14,5,1,0,3,4,13,1,19.8,56.4,2
18,3,0,1,0,1,2,0,11.3,72.5,0
16,6,1,0,2,3,12,1,18.5,44.6,1
10,3,0,0,3,1,3,0,6.2,58.8,0
7,0,0,1,3,1,6,1,12.1,87.6,0
16,5,1,0,0,1,4,0,6.1,20.1,0
9,4,0,1,2,1,7,0,14.7,86.8,1
18,5,1,0,3,4,15,1,27.1,36.9,0
17,1,0,1,3,1,8,1,8.6,84.3,2
17,6,1,0,2,4,15,1,30.2,39.6,0
12,6,1,0,1,2,6,0,12.4,58.2,2
16,5,1,0,1,0,4,0,3.7,41.2,2
7,1,0,1,0,1,5,0,4.9,76.2,0
18,3,0,1,0,1,9,0,12.2,66.8,0
19,6,1,0,0,1,6,0,12.3,62.0,0
15,6,1,0,0,1,9,0,9.9,53.7,0
6,1,0,0,0,1,9,0,11.8,56.2,2
10,4,0,0,0,1,4,0,7.4,56.2,1
6,2,0,0,3,1,8,0,4.8,64.5,0
15,6,1,0,1,0,1,0,9.1,36.6,0
10,1,0,0,0,1,5,0,9.8,65.5,0
14,6,1,0,4,1,9,1,12.7,45.1,1
7,4,0,1,1,2,5,0,11.8,81.6,2
8,3,0,1,3,1,3,1,5,86.1,0
7,0,0,1,1,2,8,0,17.7,74.9,0
7,0,0,1,3,1,4,0,5.6,72.3,0
18,2,0,1,3,1,6,1,11.0,93.4,0
11,5,1,0,1,2,8,0,16.6,65.6,0
17,5,1,0,2,4,20,1,38.7,41.2,0
6,4,0,0,3,1,2,0,3,53.3,0
16,6,1,0,4,2,20,1,27.7,37.9,1
18,0,0,1,1,3,4,1,12.6,71.3,0
14,6,1,0,0,2,15,0,20.1,42.3,1
19,5,1,0,1,4,9,1,10.0,80.6,2
16,1,0,0,4,4,2,0,10.3,25.2,1
14,6,1,0,0,2,13,0,21.4,45.6,0
17,2,0,1,3,1,2,1,6.2,75.5,0
10,6,1,0,0,4,10,1,15.6,35.0,0
6,0,0,0,0,1,4,0,3.5,59.7,0
17,5,1,0,2,4,16,1,34.7,53.8,2
6,1,0,0,0,1,4,0,9.8,88.5,0
18,4,0,1,2,1,6,0,10.3,82.1,0
15,5,1,0,0,1,4,0,3,47.2,1
7,1,0,1,0,1,7,0,7.6,77.4,1
6,4,0,0,2,1,10,0,11.6,61.0,0
12,4,0,0,0,1,8,0,11.1,59.9,0
14,5,1,0,2,4,16,1,32.8,63.6,0
10,5,1,0,4,0,9,0,17.5,51.4,0
7,4,0,1,2,1,8,0,14.6,85.3,0
10,6,1,0,2,3,12,1,10.4,55.0,0
11,0,0,0,4,4,1,0,12.0,36.5,0
7,1,0,1,0,1,5,0,6.8,77.1,0
7,1,0,1,0,1,4,0,6.3,78.0,0
7,0,0,1,3,1,8,0,3,57.1,0
8,3,0,1,0,1,4,0,5,93.1,0
14,6,1,0,0,1,5,0,9.5,73.5,0
7,1,0,1,2,1,6,0,15.4,100,0
10,0,0,0,4,1,8,0,19.7,27.7,0
6,3,0,0,0,1,5,0,5.3,56.4,1
17,3,0,1,0,1,4,0,12.0,100,0
15,5,1,0,3,4,13,1,16.6,33.6,0
10,6,1,0,4,2,20,1,30.6,42.8,0
15,6,1,0,4,0,7,1,20.3,29.7,1
6,0,0,0,0,1,7,0,5.6,67.7,0
10,1,0,0,0,1,6,0,14.3,68.2,0
10,4,0,0,0,1,3,0,10.0,51.9,0
19,2,0,1,0,1,3,0,10.9,73.4,1
7,2,0,1,2,1,8,0,10.6,42.1,2
9,2,0,0,4,4,1,0,6.1,41.3,1
7,2,0,1,1,2,10,0,9.2,88.2,0
14,6,1,0,0,4,11,1,22.6,45.1,0
12,0,0,0,0,1,9,0,13.4,61.6,0
8,3,0,1,0,1,6,0,5,86.7,1
12,2,0,0,0,1,9,0,3.3,59.0,1
19,5,1,0,4,2,19,1,32.4,47.2,1
11,2,0,0,4,0,10,0,22.5,42.6,0
11,2,0,0,0,1,3,0,10.7,50.3,0
8,0,0,1,1,0,6,0,11.8,67.1,0
7,4,0,1,2,1,8,0,8.7,87.4,2
11,5,1,0,3,4,16,1,24.0,38.5,1
13,6,1,0,1,4,8,0,6.5,41.2,0
8,1,0,1,1,0,8,0,12.2,81.0,0
9,2,0,0,4,0,11,0,11.3,45.7,1
6,4,0,0,0,1,5,0,4.9,45.2,1
8,3,0,1,2,1,10,0,5.2,71.2,2
8,2,0,1,3,1,5,1,12.2,73.1,0
10,5,1,0,2,3,15,1,22.1,49.4,1
18,0,0,1,1,3,7,1,6.0,74.9,0
15,6,1,0,1,4,6,1,19.5,57.6,0
17,0,0,1,2,1,9,0,14.4,88.2,1
15,6,1,0,1,3,5,1,3,46.4,2
18,2,0,1,2,1,9,0,15.5,82.5,1
6,3,0,0,3,1,1,0,8.7,66.9,0
9,0,0,1,0,1,6,0,5.3,84.8,0
11,2,0,0,3,1,4,0,7.5,66.0,2
11,6,1,0,4,1,15,1,6.8,66.3,2
19,3,0,1,3,1,4,1,5,91.5,0
12,2,0,0,0,4,10,0,18.9,5,0
17,2,0,1,1,0,7,0,11.6,87.4,2
17,4,0,1,2,1,11,0,11.4,86.5,0
10,6,1,0,2,3,10,1,20.7,44.0,1
14,6,1,0,2,1,6,0,8.8,44.9,0
12,6,1,0,1,0,8,0,7.2,53.5,2
13,0,0,0,4,4,2,0,5,23.7,0
17,3,0,1,1,2,9,0,20.1,73.4,0
8,2,0,1,2,1,6,0,15.3,84.8,1
12,2,0,0,0,1,3,0,10.4,49.3,0
7,0,0,1,2,1,9,0,9.1,53.0,0
11,3,0,0,4,0,13,0,25.1,23.5,1
9,0,0,0,4,1,8,0,15.8,15.7,0
12,2,0,0,0,1,7,0,7.6,70.5,0
9,4,0,1,1,3,3,1,7.3,84.8,0
7,3,0,1,1,2,9,0,15.0,96.7,1
8,0,0,1,2,1,8,0,16.9,69.6,0
7,4,0,1,2,1,9,0,16.1,40.1,0
6,4,0,0,3,1,7,0,5.3,76.3,1
8,0,0,1,2,1,13,0,10.2,90.9,2
12,4,0,0,4,0,11,0,23.9,32.1,0
18,3,0,1,3,1,4,1,13.2,80.9,0
9,3,0,1,2,1,8,0,10.0,64.9,0
6,0,0,0,2,1,7,0,7.4,75.7,0
12,6,1,0,4,1,11,1,18.2,53.5,1
8,4,0,1,1,2,8,0,9.0,86.7,1
14,5,1,0,4,4,1,0,11.6,14.5,0
7,4,0,1,2,1,8,0,7.6,73.1,2
11,5,1,0,1,2,5,0,11.3,31.1,0
10,0,0,0,0,1,8,0,8.4,37.6,0
8,4,0,1,0,1,2,0,16.7,83.0,0
19,5,1,0,1,0,12,0,11.2,60.3,0
13,5,1,0,2,3,11,1,23.2,84.9,0
14,1,0,0,0,4,9,0,10.8,45.9,1
9,6,1,0,4,2,16,1,31.6,51.5,2
17,5,1,0,3,0,3,1,22.9,69.3,0
15,5,1,0,4,2,19,1,25.7,44.0,1
9,1,0,0,4,0,12,0,14.9,15.7,0
17,2,0,1,0,1,7,0,8.1,92.7,0
7,2,0,1,2,1,9,0,11.7,73.5,1
17,3,0,1,1,2,5,0,27.3,93.9,1
16,5,1,0,0,4,13,1,16.9,26.8,1
14,6,1,0,1,4,10,0,14.4,44.3,0
16,5,1,0,1,4,8,0,17.5,37.7,0
8,1,0,0,1,4,9,0,21.8,23.4,0
13,5,1,0,1,4,13,0,5.7,27.0,0
17,3,0,1,0,1,5,0,9.6,89.0,1
8,3,0,1,2,1,7,0,12.6,55.9,0
17,6,1,0,0,3,8,1,15.8,74.4,1
6,4,0,0,2,1,8,0,16.2,68.9,0
6,1,0,0,0,1,4,0,8.3,73.3,0
7,3,0,1,0,1,5,0,7.4,84.4,0
10,4,0,0,3,1,7,0,7.9,49.1,0
14,4,0,0,1,4,11,0,19.3,37.9,0
11,5,1,0,1,4,7,1,19.2,39.2,1
16,5,1,0,0,2,13,0,26.6,39.8,0
8,1,0,1,1,0,3,0,5,93.7,1
12,3,0,0,0,1,7,0,8.8,59.8,2
8,2,0,1,1,0,9,0,5.5,89.4,0
19,1,0,1,1,2,3,0,13.1,96.6,2
19,0,0,1,2,1,6,0,10.9,83.8,1
18,4,0,1,3,1,7,1,5,61.2,1
17,0,0,1,1,2,9,0,13.1,89.9,0
13,2,0,0,4,4,1,0,5,51.7,0
8,1,0,1,1,2,9,0,8.1,79.0,1
18,4,0,1,1,3,7,1,16.7,93.7,0
10,6,1,0,0,4,9,0,17.2,29.9,2
11,0,0,0,0,1,4,0,4.7,29.3,1
17,2,0,1,0,1,4,0,5.6,76.2,1
15,5,1,0,0,4,15,0,15.1,55.7,1
18,2,0,1,1,0,6,0,7.9,73.7,1
17,3,0,1,1,0,4,0,8.1,85.5,1
7,3,0,1,0,1,6,0,3,87.0,0
19,0,0,1,3,1,3,1,14.1,84.0,0
14,5,1,0,2,0,10,0,25.0,22.8,0
19,5,1,0,1,3,1,1,10.0,52.5,1
14,1,0,0,4,4,1,0,5,53.2,0
14,5,1,0,0,1,8,0,3,33.2,0
19,1,0,1,1,0,7,0,5,100,0
10,3,0,0,2,1,8,0,12.1,52.6,2
17,2,0,1,1,0,6,0,6.0,80.5,0
18,1,0,1,0,1,4,0,5,66.6,1
16,5,1,0,2,3,10,1,18.7,32.7,0
15,3,0,0,1,4,7,0,22.1,48.8,0
8,4,0,1,0,1,6,0,10.1,71.6,0
7,0,0,1,1,3,3,1,12.8,78.3,0
11,2,0,0,3,1,3,0,11.3,33.7,2
13,5,1,0,4,1,10,1,29.6,37.2,0
14,0,0,0,4,4,1,0,5,62.2,0
12,6,1,0,0,2,10,0,10.2,36.1,0
8,4,0,1,3,1,5,0,6.6,75.1,1
14,5,1,0,2,3,12,1,9.9,58.2,0
16,6,1,0,1,3,6,1,14.0,39.9,1
8,2,0,1,2,1,9,0,14.4,58.9,0
18,2,0,1,2,1,7,0,15.9,75.0,0
11,1,0,0,0,1,4,0,7.3,46.2,1
7,2,0,1,1,2,6,0,6.3,79.5,0
8,4,0,1,0,1,7,0,12.9,73.4,0
18,3,0,1,1,0,2,0,6.7,80.2,0
8,1,0,1,3,1,7,1,8.4,83.6,1
12,2,0,0,4,4,1,0,5,39.0,0
14,3,0,0,4,0,14,0,15.6,28.2,0
14,6,1,0,1,4,9,1,23.0,39.8,0
19,0,0,1,1,0,4,0,9.3,76.3,0
17,4,0,1,2,1,8,0,7.4,75.7,2
15,5,1,0,3,2,13,1,14.3,49.4,2
8,2,0,1,2,1,7,0,5,86.4,1
11,4,0,0,3,1,5,0,7.8,45.2,1
7,1,0,1,0,1,6,0,5.5,92.6,0
10,5,1,0,4,4,1,0,5,43.8,2
12,5,1,0,4,1,9,0,26.3,14.3,0
18,0,0,1,1,3,2,1,12.3,82.8,0
18,3,0,1,2,1,3,0,13.2,77.5,0
8,0,0,1,3,1,6,1,12.2,82.3,1
8,3,0,1,2,1,6,0,19.5,90.3,0
7,2,0,1,1,3,4,1,14.4,98.9,0
13,5,1,0,1,2,8,0,19.5,26.4,1
7,1,0,1,0,1,5,0,5.7,40.2,1
6,1,0,0,0,1,6,0,7.4,52.1,0
13,5,1,0,4,0,17,1,13.7,43.2,0
19,6,1,0,0,1,5,0,13.5,41.7,1
18,6,1,0,1,4,9,1,20.9,45.4,0
6,2,0,0,0,1,6,0,11.3,70.9,0
19,2,0,1,1,3,4,1,6.5,75.1,0
13,5,1,0,1,4,10,0,18.4,29.8,1
8,3,0,1,1,0,5,0,5,87.5,0
18,4,0,1,3,1,7,1,7.3,80.0,1
11,2,0,0,4,0,11,0,21.6,32.5,1
16,6,1,0,0,4,11,0,19.1,45.1,2
19,1,0,1,2,1,7,0,10.8,74.5,0
6,3,0,0,0,1,1,0,13.9,52.3,0
10,5,1,0,0,3,7,1,14.1,53.4,0
8,2,0,1,2,1,7,0,7.1,48.1,0
18,2,0,1,1,3,8,1,13.4,74.0,1
7,3,0,1,3,1,5,1,13.0,91.9,2
10,5,1,0,4,0,8,0,11.3,64.0,0
7,0,0,1,1,2,7,0,19.0,75.8,0
11,6,1,0,4,0,11,0,17.6,38.4,1
17,2,0,1,2,1,8,0,10.5,89.9,2
18,2,0,1,2,1,5,0,16.1,62.4,0
12,2,0,0,2,1,5,0,8.7,60.1,1
11,6,1,0,4,0,13,1,19.5,28.6,0
10,4,0,0,0,1,4,0,7.7,57.1,0
13,6,1,0,0,3,9,1,17.7,28.9,1
11,2,0,0,0,1,6,0,4.4,54.5,0
18,6,1,0,3,2,12,1,18.3,32.4,1
17,1,0,1,1,3,8,1,11.7,78.7,1
16,5,1,0,0,4,10,1,27.8,26.2,0
18,6,1,0,4,1,4,1,9.5,28.0,0
17,5,1,0,4,0,15,1,19.8,37.3,0
10,4,0,0,4,4,1,0,5,29.5,2
10,5,1,0,4,1,13,1,20.9,69.7,2
10,5,1,0,2,3,16,1,23.7,35.8,0
9,6,1,0,0,3,8,1,13.9,41.2,0
10,6,1,0,0,1,6,0,3,30.4,0
8,0,0,1,3,1,4,1,6.3,80.4,0
17,1,0,1,1,3,6,1,13.8,81.4,0
17,5,1,0,4,0,13,1,21.4,28.8,0
11,4,0,0,3,1,5,0,8.6,56.7,0
7,0,0,1,0,1,4,0,11.1,53.7,0
19,5,1,0,2,3,7,1,20.1,38.4,1
17,0,0,1,1,3,5,1,19.5,61.7,1
12,4,0,0,1,4,11,0,12.5,50.0,0
17,1,0,1,1,3,3,1,13.5,77.1,1
8,3,0,1,3,1,2,0,3.8,64.4,2
9,0,0,1,1,3,4,1,5,84.7,0
14,5,1,0,4,0,12,1,13.7,49.2,1
9,6,1,0,4,0,8,1,19.2,21.6,0
7,1,0,1,0,1,6,0,3.8,70.4,1
9,6,1,0,1,2,8,0,12.7,44.0,0
11,4,0,0,2,1,9,0,13.8,59.3,0
14,6,1,0,1,2,7,0,18.9,44.0,0
18,1,0,1,0,1,5,0,5.8,72.2,0
8,3,0,1,0,1,6,0,5.5,99.0,2
12,2,0,0,3,1,4,0,8.0,80.7,2
17,6,1,0,3,4,15,1,31.0,49.7,1
12,1,0,0,0,1,3,0,5.4,65.5,2
7,1,0,1,0,1,8,0,10.7,77.0,0
18,3,0,1,3,1,2,1,16.8,78.6,2
7,2,0,1,0,1,5,0,8.4,71.5,1
11,4,0,0,0,1,7,0,4.0,64.8,0
7,3,0,1,3,1,3,0,9.4,49.6,0
19,6,1,0,0,2,19,0,14.3,65.9,0
10,5,1,0,2,0,12,0,14.4,28.6,2
8,2,0,1,3,1,5,1,16.5,91.6,1
9,5,1,0,1,3,1,1,20.4,37.3,0
12,4,0,0,3,1,2,0,8.8,59.1,1
6,1,0,0,0,1,6,0,6.2,50.9,1
12,2,0,0,0,1,5,0,7.9,49.4,0
18,4,0,1,0,1,7,0,6.5,81.9,2
18,5,1,0,4,3,14,1,25.9,41.4,1
11,4,0,0,2,1,11,0,18.1,64.0,0
6,4,0,0,0,1,8,0,6.5,63.2,0
13,2,0,0,4,4,2,0,5,19.4,0
8,4,0,1,2,1,11,0,12.9,73.2,1
17,4,0,1,1,3,6,1,5.5,85.5,0
8,2,0,1,2,1,5,0,14.7,68.0,2
15,2,0,0,4,4,1,0,9.0,11.9,0
12,2,0,0,3,1,3,0,15.8,44.6,2
11,5,1,0,2,4,16,1,30.2,49.3,2
17,2,0,1,3,1,5,1,7.4,58.4,1
15,3,0,0,4,1,10,0,12.9,38.4,0
10,1,0,0,4,1,11,0,22.6,28.2,0
18,1,0,1,0,1,6,0,5,95.5,0
18,3,0,1,2,1,8,0,10.4,98.2,0
8,4,0,1,0,1,3,0,5,100,2
8,1,0,1,1,3,3,1,15.9,75.3,2
17,1,0,1,1,0,2,0,6.5,99.7,0
8,2,0,1,3,1,6,1,21.5,95.9,2
8,2,0,1,1,3,3,1,16.0,78.3,1
10,3,0,0,0,4,16,0,9.7,27.2,0
12,0,0,0,3,1,4,0,8.6,38.3,0
12,5,1,0,0,1,1,0,12.6,24.2,0
13,4,0,0,4,4,1,0,5,23.4,0
18,2,0,1,2,1,8,0,10.4,74.8,1
17,3,0,1,3,1,11,1,12.7,100,0
7,1,0,1,0,1,5,0,8.4,72.8,1
13,1,0,0,0,4,11,0,16.7,19.0,0
14,6,1,0,4,4,1,0,5,45.4,0
8,2,0,1,2,1,12,0,11.8,87.1,1
11,2,0,0,1,4,10,0,14.9,17.2,0
7,0,0,1,0,1,1,0,8.4,70.3,2
7,3,0,1,1,0,6,0,5,88.0,0
13,2,0,0,4,4,1,0,5,42.0,2
18,0,0,1,3,1,6,1,14.1,78.1,1
17,1,0,1,3,1,5,1,5,87.1,2
9,5,1,0,2,4,15,1,30.0,65.8,2
12,6,1,0,2,1,10,0,19.1,19.6,2
16,5,1,0,4,0,14,1,16.6,38.8,2
11,6,1,0,4,3,16,1,29.1,44.7,0
12,0,0,0,0,1,7,0,3,70.5,0
16,6,1,0,4,2,18,1,32.2,40.6,0
6,1,0,0,0,1,5,0,9.2,52.7,0
18,1,0,1,1,3,2,1,9.3,86.4,0
7,1,0,1,1,3,4,1,5.1,77.2,1
9,3,0,0,4,1,13,0,13.6,13.2,1
7,1,0,1,0,1,5,0,4.7,43.0,1
17,2,0,1,3,1,3,1,17.3,91.3,1
12,3,0,0,0,1,4,0,9.2,67.2,0
18,5,1,0,3,1,2,1,3,66.3,1
16,6,1,0,2,4,12,1,33.9,47.8,0
6,2,0,0,2,1,8,0,10.0,60.5,0
17,2,0,1,0,1,5,0,6.7,78.4,1
18,0,0,1,0,1,4,0,6.5,76.9,1
11,4,0,0,0,1,5,0,9.0,71.5,0
9,2,0,1,3,1,9,1,17.6,83.7,1
15,5,1,0,3,1,2,1,14.5,36.8,0
9,5,1,0,4,0,13,0,10.7,25.1,1
14,5,1,0,1,0,5,0,14.9,54.0,0
17,0,0,1,1,0,3,0,5,72.3,0
19,5,1,0,4,0,12,1,28.0,20.4,1
12,6,1,0,4,2,20,1,36.0,63.9,0
16,6,1,0,4,4,2,0,5,33.0,0
7,1,0,1,2,1,7,0,17.5,93.0,2
18,1,0,1,1,0,6,0,9.2,80.1,1
14,2,0,0,4,4,2,0,5,50.4,0
14,5,1,0,0,4,10,1,26.9,58.0,1
11,1,0,0,4,4,1,0,5,9.9,1
19,5,1,0,3,4,14,1,21.6,42.9,1
18,1,0,1,1,2,8,0,17.9,87.5,0
9,4,0,1,0,1,5,0,7.6,63.8,0
15,5,1,0,4,4,1,0,6.5,46.1,1
14,5,1,0,2,4,20,1,28.0,30.9,1
18,1,0,1,1,2,7,0,12.7,94.3,0
9,4,0,1,1,0,6,0,5,82.9,0
10,5,1,0,4,0,9,1,20.9,72.4,2
7,3,0,1,2,1,8,0,18.3,57.0,0
18,0,0,1,0,1,6,0,5,84.8,1
10,5,1,0,4,0,12,0,11.0,29.7,0
13,5,1,0,0,4,10,1,18.4,37.9,2
13,6,1,0,0,4,9,0,15.6,38.1,0
6,0,0,0,0,1,2,0,9.4,72.9,0
8,4,0,1,0,1,2,0,12.8,80.3,2
8,1,0,1,2,1,12,0,11.2,69.7,0
9,5,1,0,3,1,8,1,17.2,41.1,2
12,1,0,0,0,4,12,0,18.2,31.6,0
18,3,0,1,0,1,2,0,11.8,84.4,1
19,6,1,0,0,3,3,1,26.0,50.4,0
8,2,0,1,1,0,7,0,7.2,76.7,0
18,6,1,0,0,4,11,1,21.3,69.4,0
16,5,1,0,3,0,10,1,19.4,32.2,0
9,3,0,1,3,1,7,1,14.5,92.0,2
18,2,0,1,1,3,2,1,13.4,87.6,1
18,6,1,0,4,0,4,1,14.6,39.2,0
19,5,1,0,2,1,8,0,11.0,46.5,1
17,2,0,1,1,2,5,0,16.4,77.5,2
7,1,0,1,2,1,9,0,17.5,47.3,0
17,1,0,1,2,1,6,0,16.0,95.1,0
9,4,0,1,1,0,5,0,6.9,89.8,0
12,5,1,0,1,4,11,0,22.3,36.0,2
9,6,1,0,0,3,6,1,13.0,37.2,1
15,3,0,0,4,0,10,0,16.9,22.8,1
15,5,1,0,3,1,6,1,11.7,44.6,0
6,0,0,0,2,1,4,0,6.3,74.3,0
8,3,0,1,0,1,6,0,5,79.9,1
15,0,0,0,4,4,1,0,5,52.6,0
17,1,0,1,3,1,6,1,12.5,82.9,0
18,4,0,1,0,1,5,0,7.1,89.9,1
11,4,0,0,2,1,1,0,12.9,37.5,1
9,3,0,1,3,1,8,1,12.0,66.6,1
17,0,0,1,1,2,8,0,19.3,83.3,0
6,2,0,0,2,1,9,0,18.5,44.9,2
19,5,1,0,4,2,15,1,36.7,40.3,0
15,1,0,0,4,0,13,0,20.1,10.9,0
11,1,0,0,3,1,6,0,10.3,62.2,0
8,3,0,1,1,2,2,0,9.5,87.8,0
17,3,0,1,0,1,5,0,8.3,77.6,0
18,3,0,1,1,0,8,0,13.3,83.1,1
17,3,0,1,0,1,8,0,6.8,73.4,1
8,0,0,1,0,1,5,0,7.0,46.3,2
9,0,0,1,2,1,3,0,14.7,78.0,1
17,6,1,0,1,0,9,0,3,51.4,2
14,5,1,0,1,3,5,1,8.2,48.7,0
19,6,1,0,3,2,10,1,23.8,64.3,0
8,3,0,0,0,4,10,0,19.8,36.3,1
9,5,1,0,4,4,1,0,5,30.6,0
8,1,0,1,2,1,7,0,13.0,65.5,2
18,3,0,1,2,1,6,0,11.2,79.0,1
18,2,0,1,1,0,4,0,9.5,89.5,2
9,0,0,1,3,1,7,1,16.9,73.9,2
12,1,0,0,3,1,8,0,3.9,79.9,1
17,3,0,1,3,1,7,1,9.2,85.0,0
18,2,0,1,0,1,2,0,5,72.3,0
10,1,0,0,0,1,8,0,9.0,53.3,0
7,2,0,1,0,1,7,0,12.8,84.0,0
18,1,0,1,0,1,8,0,14.9,75.6,2
14,5,1,0,3,0,5,1,21.3,25.0,0
8,1,0,1,1,3,8,1,12.1,91.2,0
8,1,0,1,1,0,6,0,5,74.9,1
7,2,0,1,3,1,3,1,7.2,73.5,2
10,5,1,0,4,3,12,1,26.7,47.3,1
8,0,0,0,1,4,5,0,11.5,38.6,1
13,6,1,0,2,1,10,0,9.3,59.2,0
11,6,1,0,4,2,20,1,28.1,34.7,0
19,4,0,1,1,2,9,0,14.5,93.8,0
18,1,0,1,2,1,7,0,11.2,92.5,1
8,1,0,1,2,1,4,0,11.9,71.4,0
10,0,0,0,4,4,1,0,5,30.5,0
9,2,0,1,3,1,4,1,14.9,86.8,0
7,0,0,1,3,1,2,1,22.5,93.7,1
8,1,0,1,2,1,8,0,13.3,66.9,1
18,1,0,1,3,1,2,1,9.8,76.9,0
15,5,1,0,1,2,7,0,13.2,64.9,0
19,1,0,1,1,0,6,0,10.3,100,0
19,2,0,1,2,1,7,0,12.6,74.0,0
12,2,0,0,3,1,1,0,3.7,39.0,0
15,0,0,0,4,0,10,0,16.0,39.5,0
7,3,0,1,2,1,8,0,12.1,100,0
12,3,0,0,4,1,11,0,14.8,48.2,1
17,0,0,1,1,0,5,0,6.6,86.3,0
7,4,0,1,0,1,5,0,10.0,46.6,0
8,3,0,1,1,2,6,0,6.3,80.3,1
10,6,1,0,4,4,1,0,8.4,25.8,0
8,0,0,0,0,4,14,0,19.0,36.1,0
16,4,0,0,1,4,7,0,22.1,16.9,1
11,5,1,0,2,0,14,0,16.8,26.1,1
9,0,0,1,2,1,8,0,5,69.7,2
13,1,0,0,4,4,5,0,5,41.2,0
14,3,0,0,4,0,11,0,15.0,45.6,0
19,4,0,1,2,1,7,0,17.0,76.2,0
18,0,0,1,1,2,9,0,17.8,83.0,0
16,2,0,0,4,4,1,0,5,32.5,0
6,3,0,0,0,1,7,0,6.6,63.5,0
17,0,0,1,3,1,3,1,5.0,90.1,0
17,4,0,1,1,2,6,0,16.2,77.9,0
12,5,1,0,2,3,11,1,15.8,76.0,0
9,1,0,0,4,1,8,0,11.1,31.6,2
9,5,1,0,1,0,7,0,13.3,32.3,0
19,4,0,1,1,3,4,1,12.8,87.9,0
7,4,0,1,0,1,5,0,10.2,31.1,1
8,2,0,1,2,1,8,0,16.1,100,1
17,4,0,1,2,1,8,0,13.3,87.2,0
18,5,1,0,0,4,11,1,16.7,59.6,0
18,4,0,1,3,1,2,1,11.4,68.6,0
9,4,0,0,4,4,2,0,5,40.3,0
18,4,0,1,2,1,3,0,14.6,75.9,0
15,5,1,0,2,3,11,1,21.9,65.9,2
9,6,1,0,4,3,13,1,25.8,47.7,0
11,6,1,0,1,3,3,1,5.7,44.0,2
16,6,1,0,0,2,13,0,14.7,33.7,2
8,0,0,1,3,1,3,1,12.3,73.0,0
14,3,0,0,4,1,6,0,13.0,32.8,1
12,3,0,0,2,1,8,0,11.6,57.7,0
8,1,0,1,0,1,7,0,9.3,72.4,1
11,0,0,0,0,1,7,0,14.3,53.8,0
11,1,0,0,0,4,14,0,27.1,45.8,0
17,1,0,1,1,2,5,0,12.9,80.9,0
7,3,0,1,1,0,6,0,5,81.3,2
15,6,1,0,4,0,11,1,31.7,57.3,2
7,1,0,1,0,1,4,0,5.4,45.7,1
7,2,0,1,2,1,7,0,8.8,68.7,2
17,6,1,0,1,0,11,0,4.7,51.0,0
10,3,0,0,2,1,10,0,16.3,62.7,0
18,1,0,1,2,1,9,0,17.3,83.2,0
7,3,0,1,0,1,1,0,8.9,64.3,1
11,6,1,0,3,0,6,1,17.0,60.2,0
8,3,0,1,3,1,7,1,6.6,86.0,1
19,5,1,0,4,2,18,1,40.4,21.1,1
18,2,0,1,3,1,7,1,10.4,72.2,2
12,6,1,0,4,0,11,0,15.0,43.1,1
7,1,0,1,2,1,6,0,15.7,55.8,1
17,0,0,1,1,0,2,0,11.3,74.9,1
19,0,0,1,1,3,5,1,17.7,83.4,0
18,6,1,0,0,2,12,0,25.4,24.5,0
12,4,0,0,0,4,14,0,13.8,38.2,0
8,0,0,1,3,1,3,0,8.3,71.1,0
7,4,0,1,3,1,4,0,6.0,66.6,0
10,5,1,0,3,1,3,1,7.6,55.6,2
18,5,1,0,1,0,4,0,15.1,63.1,1
16,1,0,0,4,0,10,0,8.8,34.5,1
8,3,0,1,1,2,5,0,20.2,76.7,0
10,5,1,0,1,4,12,1,23.6,50.1,0
18,1,0,1,3,1,5,1,5,89.5,2
12,1,0,0,3,1,5,0,8.6,46.1,0
11,3,0,0,0,1,9,0,7.7,37.3,0
6,0,0,0,0,1,7,0,11.0,53.8,0
11,1,0,0,4,4,1,0,5,16.2,0
11,4,0,0,4,4,1,0,5,39.5,1
11,1,0,0,0,1,10,0,8.7,64.9,2
17,5,1,0,2,3,9,1,17.4,30.7,0
18,3,0,1,1,2,5,0,16.2,84.4,0
15,3,0,0,4,4,1,0,5,31.8,1
18,0,0,1,2,1,5,0,11.6,75.5,1
17,1,0,1,1,3,5,1,13.4,99.5,0
15,6,1,0,0,1,5,0,6.2,41.9,0
11,5,1,0,0,3,4,1,18.1,56.8,2
7,4,0,1,1,3,4,1,6.7,97.9,0
19,6,1,0,3,0,7,1,13.7,25.0,0
12,3,0,0,2,1,7,0,12.9,63.5,2
18,0,0,1,1,2,5,0,15.2,97.2,0
17,6,1,0,2,4,19,1,30.7,43.2,0
18,6,1,0,2,1,8,0,10.3,46.2,2
7,3,0,1,1,3,5,1,11.8,83.5,1
18,0,0,1,0,1,3,0,12.1,79.4,0
17,6,1,0,0,2,11,0,23.1,55.6,1
8,0,0,1,3,1,4,1,7.3,74.2,0
16,6,1,0,2,3,9,1,17.1,73.1,2
11,0,0,0,0,1,3,0,10.5,82.8,0
9,5,1,0,1,0,4,0,9.6,55.8,1
8,6,1,0,0,4,9,0,25.2,26.2,2
19,5,1,0,0,1,4,0,12.9,47.9,0
11,5,1,0,1,3,2,1,9.6,40.4,0
10,3,0,0,0,1,4,0,13.4,59.0,0
8,3,0,1,0,1,6,0,6.3,95.5,1
16,5,1,0,2,0,16,0,15.0,40.0,0
6,3,0,0,0,1,5,0,5.9,34.9,1
17,4,0,1,0,1,4,0,15.4,80.5,1
19,6,1,0,2,0,16,0,21.2,69.7,0
6,1,0,0,3,1,6,0,9.9,77.8,1
12,6,1,0,0,4,17,1,20.9,29.1,0
10,2,0,0,4,4,1,0,5,31.3,0
9,5,1,0,3,2,11,1,20.5,45.7,0
8,1,0,1,0,1,5,0,5,81.4,0
18,0,0,1,3,1,4,1,8.5,79.6,0
11,5,1,0,3,4,9,1,30.0,32.4,1
9,1,0,1,0,1,10,0,12.2,79.5,1
9,6,1,0,2,3,10,1,14.0,63.5,0
12,5,1,0,1,4,10,0,14.5,44.8,1
12,0,0,0,4,4,1,0,5,18.6,0
12,0,0,0,2,1,7,0,17.5,58.7,0
11,0,0,0,2,1,6,0,12.3,58.7,0
12,5,1,0,2,3,7,1,12.8,10,1
18,1,0,1,1,2,5,0,10.8,75.9,0
17,3,0,1,3,1,5,1,12.1,75.3,1
18,3,0,1,2,1,7,0,5.4,81.7,0
8,0,0,1,2,1,5,0,13.6,88.7,0
7,1,0,1,0,1,5,0,8.4,75.4,0
11,5,1,0,1,4,9,1,15.6,46.0,2
10,4,0,0,0,1,9,0,8.8,47.4,0
15,6,1,0,3,0,9,1,15.2,48.2,0
10,2,0,0,2,1,7,0,12.7,77.2,0
12,6,1,0,4,4,1,0,5,38.8,0
8,2,0,1,0,1,4,0,7.9,63.2,1
7,3,0,1,0,1,3,0,11.1,73.2,0
11,3,0,0,4,4,1,0,5,43.5,0
6,2,0,0,3,1,7,0,9.1,53.2,0
14,2,0,0,4,4,1,0,5,39.0,2
8,1,0,1,2,1,8,0,15.8,79.7,2
7,0,0,1,2,1,9,0,13.8,52.9,0
17,4,0,1,3,1,2,1,11.0,86.1,2
7,4,0,1,3,1,5,1,10.5,77.3,1
14,6,1,0,0,3,6,1,19.9,42.2,0
9,5,1,0,2,3,6,1,29.2,39.5,0
17,6,1,0,0,4,10,1,26.8,58.1,1
17,6,1,0,2,0,17,0,20.5,49.2,2
6,2,0,0,2,1,10,0,9.4,69.4,0
7,1,0,1,0,1,4,0,3.4,85.8,0
8,3,0,1,1,2,7,0,12.9,88.3,2
10,6,1,0,3,2,15,1,19.3,19.3,0
17,3,0,1,1,3,4,1,11.8,71.8,1
10,5,1,0,0,3,8,1,15.3,49.9,1
8,4,0,0,4,1,7,0,23.1,17.7,1
7,1,0,1,1,0,7,0,6.1,92.6,0
18,3,0,1,0,1,3,0,7.9,70.1,0
18,5,1,0,2,4,13,1,27.7,46.1,0
8,0,0,1,1,3,2,1,10.4,76.4,0
15,5,1,0,3,4,10,1,31.4,31.3,0
9,6,1,0,2,0,15,0,28.6,46.9,0
8,0,0,1,3,1,2,0,9.0,65.3,0
18,1,0,1,2,1,7,0,13.0,84.3,1
7,2,0,1,2,1,10,0,6.9,83.7,0
17,0,0,1,3,1,2,1,5,86.1,2
7,1,0,1,1,0,4,0,12.2,92.1,1
15,6,1,0,4,1,8,0,14.2,63.9,0
7,3,0,1,2,1,8,0,7.5,63.0,1
11,5,1,0,3,2,15,1,18.8,42.4,2
11,0,0,0,3,1,5,0,5.2,49.7,0
8,1,0,1,3,1,4,1,11.4,84.8,0
17,2,0,1,1,3,3,1,5.6,93.5,2
8,3,0,1,0,1,7,0,13.9,64.4,0
11,3,0,0,3,1,5,0,9.4,63.9,0
8,5,1,0,0,4,12,0,13.2,56.1,2
19,3,0,1,2,1,8,0,13.3,89.3,2
6,1,0,0,3,1,8,0,6.8,66.9,0
13,5,1,0,3,1,3,1,12.6,45.4,0
17,2,0,1,1,3,2,1,15.7,73.1,1
12,6,1,0,4,1,10,1,26.7,47.3,0
9,1,0,1,2,1,5,0,10.5,77.0,2
12,1,0,0,0,1,5,0,11.7,52.6,0
8,4,0,1,1,0,7,0,8.6,75.3,0
19,2,0,1,1,3,3,1,13.2,89.1,0
15,5,1,0,1,4,10,0,10.1,16.3,0
11,6,1,0,3,1,8,1,14.4,39.3,0
18,0,0,1,2,1,8,0,22.2,84.0,1
17,5,1,0,2,3,7,1,22.7,66.1,1
16,6,1,0,0,4,9,0,19.1,36.9,1
17,4,0,1,0,1,7,0,5,99.7,0
17,0,0,1,0,1,2,0,10.7,87.2,1
7,2,0,1,1,3,7,1,11.8,91.5,0
9,5,1,0,4,4,1,0,5,30.4,0
19,5,1,0,2,3,11,1,14.7,51.6,0
7,0,0,1,1,3,4,1,5,95.9,1
10,5,1,0,1,3,2,1,19.9,36.1,2
19,5,1,0,2,3,14,1,24.9,38.2,0
14,1,0,0,4,0,12,0,21.1,45.3,1
10,6,1,0,4,3,10,1,28.0,20.7,0
17,6,1,0,1,2,10,0,11.2,45.2,2
17,4,0,1,1,0,4,0,15.2,87.1,1
8,3,0,1,1,0,5,0,11.9,80.0,1
9,5,1,0,2,0,19,0,21.8,47.0,0
19,6,1,0,0,4,14,1,15.5,16.9,0
18,1,0,1,1,2,12,0,18.8,92.0,0
18,4,0,1,3,1,2,1,6.5,76.0,0
12,3,0,0,0,1,6,0,4.9,77.6,0
17,4,0,1,0,1,6,0,7.6,73.1,1
10,4,0,0,0,1,5,0,9.2,59.4,1
8,3,0,1,1,2,8,0,15.1,88.5,0
8,1,0,1,0,1,2,0,6.4,66.4,0
16,5,1,0,0,1,4,0,9.6,60.5,0
13,6,1,0,0,4,7,1,26.1,56.2,1
18,0,0,1,1,2,3,0,11.6,80.0,2
7,1,0,1,0,1,7,0,5.4,76.4,1
10,4,0,0,0,1,5,0,7.1,74.4,2
